"","temperature","lowerCI","lowerQ","median","mean","upperQ","upperCI","trait","scaled_lowerCI","scaled_lowerQ","scaled_median","scaled_upperQ","scaled_upperCI"
"1",0,0,0,0,0,0,0,"S",0,0,0,0,0
"2",0.1,0,0,0,0,0,0,"S",0,0,0,0,0
"3",0.2,0,0,0,0,0,0,"S",0,0,0,0,0
"4",0.3,0,0,0,0,0,0,"S",0,0,0,0,0
"5",0.4,0,0,0,0,0,0,"S",0,0,0,0,0
"6",0.5,0,0,0,0,0,0,"S",0,0,0,0,0
"7",0.6,0,0,0,0,0,0,"S",0,0,0,0,0
"8",0.7,0,0,0,0,0,0,"S",0,0,0,0,0
"9",0.8,0,0,0,0,0,0,"S",0,0,0,0,0
"10",0.9,0,0,0,0,0,0,"S",0,0,0,0,0
"11",1,0,0,0,0,0,0,"S",0,0,0,0,0
"12",1.1,0,0,0,0,0,0,"S",0,0,0,0,0
"13",1.2,0,0,0,0,0,0,"S",0,0,0,0,0
"14",1.3,0,0,0,0,0,0,"S",0,0,0,0,0
"15",1.4,0,0,0,0,0,0,"S",0,0,0,0,0
"16",1.5,0,0,0,0,0,0,"S",0,0,0,0,0
"17",1.6,0,0,0,0,0,0,"S",0,0,0,0,0
"18",1.7,0,0,0,0,0,0,"S",0,0,0,0,0
"19",1.8,0,0,0,0,0,0,"S",0,0,0,0,0
"20",1.9,0,0,0,0,0,0,"S",0,0,0,0,0
"21",2,0,0,0,0,0,0,"S",0,0,0,0,0
"22",2.1,0,0,0,0,0,0,"S",0,0,0,0,0
"23",2.2,0,0,0,0,0,0,"S",0,0,0,0,0
"24",2.3,0,0,0,0,0,0,"S",0,0,0,0,0
"25",2.4,0,0,0,0,0,0,"S",0,0,0,0,0
"26",2.5,0,0,0,0,0,0,"S",0,0,0,0,0
"27",2.6,0,0,0,0,0,0,"S",0,0,0,0,0
"28",2.7,0,0,0,0,0,0,"S",0,0,0,0,0
"29",2.8,0,0,0,0,0,0,"S",0,0,0,0,0
"30",2.9,0,0,0,0,0,0,"S",0,0,0,0,0
"31",3,0,0,0,0,0,0,"S",0,0,0,0,0
"32",3.1,0,0,0,0,0,0,"S",0,0,0,0,0
"33",3.2,0,0,0,0,0,0,"S",0,0,0,0,0
"34",3.3,0,0,0,0,0,0,"S",0,0,0,0,0
"35",3.4,0,0,0,0,0,0,"S",0,0,0,0,0
"36",3.5,0,0,0,0,0,0,"S",0,0,0,0,0
"37",3.6,0,0,0,0,0,0,"S",0,0,0,0,0
"38",3.7,0,0,0,0,0,0,"S",0,0,0,0,0
"39",3.8,0,0,0,0,0,0,"S",0,0,0,0,0
"40",3.9,0,0,0,0,0,0,"S",0,0,0,0,0
"41",4,0,0,0,0,0,0,"S",0,0,0,0,0
"42",4.1,0,0,0,0,0,0,"S",0,0,0,0,0
"43",4.2,0,0,0,0,0,0,"S",0,0,0,0,0
"44",4.3,0,0,0,0,0,0,"S",0,0,0,0,0
"45",4.4,0,0,0,0,0,0,"S",0,0,0,0,0
"46",4.5,0,0,0,0,0,0,"S",0,0,0,0,0
"47",4.6,0,0,0,0,0,0,"S",0,0,0,0,0
"48",4.7,0,0,0,0,0,0,"S",0,0,0,0,0
"49",4.8,0,0,0,0,0,0,"S",0,0,0,0,0
"50",4.9,0,0,0,0,0,0,"S",0,0,0,0,0
"51",5,0,0,0,0,0,0,"S",0,0,0,0,0
"52",5.1,0,0,0,0,0,0,"S",0,0,0,0,0
"53",5.2,0,0,0,0,0,0,"S",0,0,0,0,0
"54",5.3,0,0,0,0,0,0,"S",0,0,0,0,0
"55",5.4,0,0,0,0,0,0,"S",0,0,0,0,0
"56",5.5,0,0,0,0,0,0,"S",0,0,0,0,0
"57",5.6,0,0,0,0,0,0,"S",0,0,0,0,0
"58",5.7,0,0,0,0,0,0,"S",0,0,0,0,0
"59",5.8,0,0,0,0,0,0,"S",0,0,0,0,0
"60",5.9,0,0,0,0,0,0,"S",0,0,0,0,0
"61",6,0,0,0,0,0,0,"S",0,0,0,0,0
"62",6.1,0,0,0,0,0,0,"S",0,0,0,0,0
"63",6.2,0,0,0,0,0,0,"S",0,0,0,0,0
"64",6.3,0,0,0,0,0,0,"S",0,0,0,0,0
"65",6.4,0,0,0,0,0,0,"S",0,0,0,0,0
"66",6.5,0,0,0,0,0,0,"S",0,0,0,0,0
"67",6.6,0,0,0,0,0,0,"S",0,0,0,0,0
"68",6.7,0,0,0,0,0,0,"S",0,0,0,0,0
"69",6.8,0,0,0,0,0,0,"S",0,0,0,0,0
"70",6.9,0,0,0,0,0,0,"S",0,0,0,0,0
"71",7,0,0,0,0,0,0,"S",0,0,0,0,0
"72",7.1,0,0,0,0,0,0,"S",0,0,0,0,0
"73",7.2,0,0,0,0,0,0,"S",0,0,0,0,0
"74",7.3,0,0,0,0,0,0,"S",0,0,0,0,0
"75",7.4,0,0,0,0,0,0,"S",0,0,0,0,0
"76",7.5,0,0,0,0,0,0,"S",0,0,0,0,0
"77",7.6,0,0,0,0,0,0,"S",0,0,0,0,0
"78",7.7,0,0,0,0,0,0,"S",0,0,0,0,0
"79",7.8,0,0,0,0,0,0,"S",0,0,0,0,0
"80",7.9,0,0,0,0,0,0,"S",0,0,0,0,0
"81",8,0,0,0,0,0,0,"S",0,0,0,0,0
"82",8.1,0,0,0,0,0,0,"S",0,0,0,0,0
"83",8.2,0,0,0,0,0,0,"S",0,0,0,0,0
"84",8.3,0,0,0,0,0,0,"S",0,0,0,0,0
"85",8.4,0,0,0,0,0,0,"S",0,0,0,0,0
"86",8.5,0,0,0,0,0,0,"S",0,0,0,0,0
"87",8.6,0,0,0,0,0,0,"S",0,0,0,0,0
"88",8.7,0,0,0,0,0,0,"S",0,0,0,0,0
"89",8.8,0,0,0,5.15566395991733e-15,0,0,"S",0,0,0,0,0
"90",8.9,0,0,0,3.95620155342304e-13,0,0,"S",0,0,0,0,0
"91",9,0,0,0,1.086039231484e-11,0,0,"S",0,0,0,0,0
"92",9.1,0,0,0,5.51443866343433e-11,0,0,"S",0,0,0,0,0
"93",9.2,0,0,0,1.22697499864951e-08,0,0,"S",0,0,0,0,0
"94",9.3,0,0,0,3.51001766790937e-08,0,0,"S",0,0,0,0,0
"95",9.4,0,0,0,7.20043051885721e-08,0,0,"S",0,0,0,0,0
"96",9.5,0,0,0,1.30292061643069e-07,0,0,"S",0,0,0,0,0
"97",9.6,0,0,0,2.24981825266884e-07,0,0,"S",0,0,0,0,0
"98",9.7,0,0,0,3.94935473746166e-07,0,0,"S",0,0,0,0,0
"99",9.8,0,0,0,7.02214464652424e-07,0,0,"S",0,0,0,0,0
"100",9.9,0,0,0,1.22433190589381e-06,0,0,"S",0,0,0,0,0
"101",10,0,0,0,2.06345467573192e-06,0,0,"S",0,0,0,0,0
"102",10.1,0,0,0,3.42271904533517e-06,0,0,"S",0,0,0,0,0
"103",10.2,0,0,0,5.78419952653371e-06,0,0,"S",0,0,0,0,0
"104",10.3,0,0,0,9.7581864587676e-06,0,0,"S",0,0,0,0,0
"105",10.4,0,0,0,1.5849906254062e-05,0,0,"S",0,0,0,0,0
"106",10.5,0,0,0,2.45426820252398e-05,0,0,"S",0,0,0,0,0
"107",10.6,0,0,0,3.71668724387027e-05,0,0,"S",0,0,0,0,0
"108",10.7,0,0,0,5.4648178365972e-05,0,0,"S",0,0,0,0,0
"109",10.8,0,0,0,7.85009622797925e-05,0,0,"S",0,0,0,0,0
"110",10.9,0,0,0,0.000109702912972427,0,5.01774596023862e-65,"S",0,0,0,0,1.67490503495528e-66
"111",11,0,0,0,0.000154548677350137,0,5.4111638831643e-13,"S",0,0,0,0,1.80622648191002e-14
"112",11.1,0,0,0,0.000212247750179943,0,6.07445912946769e-08,"S",0,0,0,0,2.02763198081308e-09
"113",11.2,0,0,0,0.000287344224716927,0,5.27864289897369e-06,"S",0,0,0,0,1.76199146773893e-07
"114",11.3,0,0,0,0.000385595355146549,0,6.7035083207274e-05,"S",0,0,0,0,2.23760627325919e-06
"115",11.4,0,0,0,0.000514620854034266,0,0.000276268820709975,"S",0,0,0,0,9.22175101081221e-06
"116",11.5,0,0,0,0.000682679843610373,0,0.000809783659109527,"S",0,0,0,0,2.70302789063987e-05
"117",11.6,0,0,0,0.000907588367779004,0,0.00194442946108518,"S",0,0,0,0,6.49043359367693e-05
"118",11.7,0,0,0,0.00119444321744609,0,0.00377193822866276,"S",0,0,0,0,0.000125905902387037
"119",11.8,0,0,0,0.00156275243269055,0,0.0065465454770026,"S",0,0,0,0,0.000218521265681491
"120",11.9,0,0,0,0.00202903942506892,0,0.0105495023616497,"S",0,0,0,0,0.000352138485324184
"121",12,0,0,0,0.00262017009790139,0,0.0161042164201193,"S",0,0,0,0,0.0005375527852507
"122",12.1,0,0,0,0.00336654733838927,0,0.023932649395473,"S",0,0,0,0,0.000798862981305471
"123",12.2,0,0,0,0.00430378155021118,0,0.0335696860792203,"S",0,0,0,0,0.00112054369993016
"124",12.3,0,0,0,0.00546236514981792,0,0.046536278006859,"S",0,0,0,0,0.00155336374059997
"125",12.4,0,0,0,0.00689807066277161,0,0.0624727874260109,"S",0,0,0,0,0.00208531852821302
"126",12.5,0,0,0,0.00866615594503707,0,0.0813235805427856,"S",0,0,0,0,0.00271455102731476
"127",12.6,0,0,0,0.0108239880609062,0,0.105300000271243,"S",0,0,0,0,0.00351487504613944
"128",12.7,0,0,0,0.0134604634187149,6.94146566836916e-12,0.133773948352234,"S",0,0,0,2.31703555541656e-13,0.00446532489720443
"129",12.8,0,0,0,0.0166694630823912,5.66909271763161e-06,0.167769950140872,"S",0,0,0,1.89232217247162e-07,0.00560009885777036
"130",12.9,0,0,0,0.0205641346288531,0.000135094602104281,0.208081522896578,"S",0,0,0,4.50940783078185e-06,0.00694568424034097
"131",13,0,0,0,0.025249564419998,0.000780171403059189,0.255879722851848,"S",0,0,0,2.60418327565116e-05,0.00854117046864485
"132",13.1,0,0,0,0.0308876659394025,0.00248373329256949,0.306902014399964,"S",0,0,0,8.29060982794922e-05,0.0102442756813454
"133",13.2,0,0,0,0.0376061668277875,0.00554527415446315,0.363460636179842,"S",0,0,0,0.000185099199423719,0.0121321815486393
"134",13.3,0,0,0,0.0455685512026663,0.0103283873933776,0.430032734129313,"S",0,0,0,0.00034475774949982,0.014354333545306
"135",13.4,0,0,0,0.0549526226734495,0.0176980363923587,0.502843350837997,"S",0,0,0,0.000590753906181683,0.0167847249897899
"136",13.5,0,0,1.75071416619282e-46,0.0659873344009465,0.0279720814888831,0.593662292228352,"S",0,0,5.84381910714436e-48,0.00093369772992018,0.0198162276487403
"137",13.6,0,0,7.75579732683351e-06,0.0788930643614797,0.0406892764539319,0.681349467700041,"S",0,0,2.58885644983676e-07,0.00135819299226015,0.0227431931201361
"138",13.7,0,0,0.000368803795201142,0.0939251949040025,0.0563918791748333,0.792053152388793,"S",0,0,1.23105342197043e-05,0.00188234006083533,0.0264384411526705
"139",13.8,0,0,0.0019639980721447,0.111441822578599,0.0774268829747689,0.902013200865543,"S",0,0,6.55575289331942e-05,0.00258448070434331,0.0301088668836072
"140",13.9,0,0,0.00544768531106157,0.131705480703547,0.103896250176835,1.0224791766533,"S",0,0,0.000181841719940621,0.00346801838740116,0.0341299765808011
"141",14,0,0,0.0114820974379743,0.155011500943941,0.133739149579355,1.16371235134404,"S",0,0,0.000383268163894763,0.00446416332704189,0.0388442876931354
"142",14.1,0,0,0.0204664958853605,0.181613138572636,0.168849280329698,1.30764589541871,"S",0,0,0.000683164059677736,0.00563612650010159,0.0436487361363198
"143",14.2,0,0,0.0329398943541883,0.211941899635355,0.209805570654203,1.46594731750285,"S",0,0,0.00109952148518298,0.00700323231656147,0.0489327790310838
"144",14.3,0,0,0.0488236681151348,0.246414171495731,0.255617808389441,1.64507005000707,"S",0,0,0.00162971597603829,0.00853242786080281,0.054911829563407
"145",14.4,0,2.0452568261553e-05,0.0691522790125191,0.285207103143437,0.311252686104283,1.81487054608166,"S",0,6.82699160748515e-07,0.00230827748583733,0.0103894994930079,0.0605797072931058
"146",14.5,0,0.00104493220947438,0.0943661753443497,0.328757875030556,0.371829925545127,2.01238022825921,"S",0,3.48794505083383e-05,0.00314990801579375,0.0124115453308633,0.0671725074020191
"147",14.6,0,0.00464821573029047,0.12478762384454,0.377512172811934,0.439539071860536,2.23080871408321,"S",0,0.000155155721152762,0.00416536471024105,0.0146716515812564,0.0744635694363129
"148",14.7,0,0.0117127310010203,0.160558721538978,0.431899679786538,0.514038410157879,2.46953731189518,"S",0,0.000390966626890629,0.00535939071532486,0.017158411927512,0.0824322416973548
"149",14.8,0,0.0228223824169163,0.201321985982636,0.492384555730091,0.59603518388452,2.7273372198348,"S",0,0.000761802680380217,0.00672005339930516,0.0198954338942102,0.0910375072337261
"150",14.9,0,0.0385994860571157,0.247323987978187,0.559367772086797,0.689231099215008,3.00711209389408,"S",0,0.00128843656207487,0.00825558320433949,0.0230062790637587,0.100376289008034
"151",15,0,0.0576973609875067,0.301642840475662,0.63312262062619,0.787990567573313,3.27492900524407,"S",0,0.00192591656069036,0.0100687264017422,0.02630283357476,0.109315918411771
"152",15.1,0,0.0817800446892508,0.361204974341274,0.714201946925001,0.898551917618001,3.57630039786182,"S",0,0.00272978763162374,0.0120568883911038,0.0299933305295419,0.119375583984456
"153",15.2,0,0.111191400480449,0.430245454901317,0.802940826845925,1.01878200319232,3.91455775823532,"S",0,0.00371152780519753,0.014361434085965,0.0340065662986951,0.13066648951235
"154",15.3,0,0.146685448221643,0.503377880177067,0.899693070809923,1.15208093783445,4.23537395275839,"S",0,0.00489630598535557,0.0168025673813425,0.0384560354140199,0.141375215377705
"155",15.4,0,0.187179596615231,0.586359935636419,1.00492087360765,1.29376981822448,4.60761353618775,"S",0,0.00624798567516239,0.0195724776877063,0.0431855578139773,0.153800434937163
"156",15.5,0,0.232526207334557,0.683878637418247,1.11897379214502,1.44208454888151,4.97249647368822,"S",0,0.00776163876190302,0.022827615869491,0.0481362486441617,0.165980092377608
"157",15.6,0,0.28546965368132,0.783825625947595,1.24214526367096,1.6077712374045,5.38943789281245,"S",0,0.0095288714109202,0.0261638093643977,0.0536668089999721,0.179897442672069
"158",15.7,0,0.343565849013847,0.895047113414901,1.37504927770615,1.78631255706342,5.80444363625243,"S",0,0.0114681009144714,0.0298763414620837,0.0596264521866521,0.193750180828425
"159",15.8,0,0.410764717901353,1.01694775015794,1.51793186321119,1.98002374160745,6.23318999873479,"S",0,0.013711174293133,0.0339453396111143,0.0660924598500716,0.208061575764136
"160",15.9,0,0.483057672592979,1.14679232311233,1.67127072459723,2.18208617914168,6.68493896761419,"S",0,0.0161242863710319,0.0382795034114791,0.0728372292481883,0.223140789189998
"161",16,0,0.565534717831093,1.28888587988024,1.8354862611196,2.3909240208081,7.13650440129911,"S",0,0.0188773396230738,0.0430225337591924,0.0798081591292151,0.23821387627898
"162",16.1,0,0.659080062255991,1.43208038452133,2.01068658842166,2.61671054646105,7.64155490375178,"S",0,0.0219998486064986,0.0478023133395416,0.0873448298103907,0.255072275172982
"163",16.2,0,0.755254538339462,1.59043457974228,2.19710989176281,2.86472951737119,8.22723056917689,"S",0,0.0252101170318601,0.0530881177820857,0.0956236112878425,0.274621912174227
"164",16.3,0,0.86180641242908,1.75682907875814,2.39517749765397,3.11769635258542,8.79912743341413,"S",0,0.0287667791628408,0.0586423045902451,0.104067550644965,0.293711617890228
"165",16.4,0,0.974218540377555,1.93991584258986,2.60509199071176,3.3963118327017,9.39524847473774,"S",0,0.0325190543992297,0.0647536730215165,0.113367632278453,0.313609917673986
"166",16.5,0,1.09728182639757,2.12946967721503,2.82711194926462,3.68806610181758,9.99499534770014,"S",0,0.0366268613509246,0.0710809098829393,0.123106281827157,0.333629246376224
"167",16.6,0,1.22660936048282,2.32824822926051,3.06152165002183,3.98706830440729,10.614484383569,"S",0,0.0409437665851511,0.077716064398539,0.13308686471335,0.354307561171318
"168",16.7,7.97803872276088e-08,1.36921644714789,2.53908320851904,3.30858670191586,4.30499185739264,11.3076410676276,"S",2.66303980546375e-09,0.045703938370816,0.0847536579934128,0.143699035274506,0.377444874804618
"169",16.8,0.000398682053946755,1.51933095391636,2.76785085921937,3.56850267262273,4.64789817534095,11.9895889704688,"S",1.33078594411339e-05,0.0507147050616509,0.0923898375255997,0.155145121286048,0.400208043468334
"170",16.9,0.00608426649230174,1.67351873338403,3.0022960019971,3.8413784804919,4.99897930208701,12.6196308257503,"S",0.000203090564223806,0.0558614360879998,0.100215529642555,0.166864079390432,0.421238607470689
"171",17,0.0203518006949556,1.84667356625164,3.24657992452672,4.12753254523259,5.35869492806128,13.3753777712863,"S",0.000679335576661325,0.0616412803386841,0.108369636587101,0.178871253884131,0.44646516087257
"172",17.1,0.0493133985514331,2.0095453013218,3.51343728967036,4.42692777488747,5.74328868988273,14.1032953315884,"S",0.00164606299679276,0.0670778785898229,0.117277236693518,0.191708851347046,0.470762779692723
"173",17.2,0.0910279307240728,2.19112982740252,3.77894293991903,4.73982943587137,6.12726782666803,14.9706532030825,"S",0.00303847864558012,0.073139102880821,0.126139717056901,0.204525932853677,0.499714864505012
"174",17.3,0.129204456637436,2.38771528695042,4.05532183857009,5.06593530405274,6.53589881134137,15.7171992943252,"S",0.00431279695455946,0.0797010527803356,0.135365142428656,0.218165883921179,0.524634296795066
"175",17.4,0.177392718673943,2.58779974922273,4.33702751842164,5.40546303280948,6.94602430074518,16.5835751920304,"S",0.00592130331080496,0.0863797980960962,0.144768373785877,0.231855721003591,0.553553603685632
"176",17.5,0.247643245550642,2.80188900962952,4.65560156430512,5.75869664755906,7.37736861828009,17.5011555995247,"S",0.00826623990397695,0.0935260183915561,0.155402257559278,0.246253834717666,0.584182098166359
"177",17.6,0.325084507771497,3.01392585919063,4.97342021338529,6.12557964871246,7.82126642727972,18.4107376976733,"S",0.010851200582234,0.100603729972416,0.166010926466895,0.261070979331813,0.614543612040643
"178",17.7,0.401911701594676,3.24208025803909,5.31494136929383,6.50600328079849,8.28832785500676,19.4703575908538,"S",0.0134156638845932,0.108219439384702,0.177410776282086,0.276661316968121,0.649913331996384
"179",17.8,0.506948004388314,3.47174384369504,5.65277953831381,6.89987289420326,8.78709210859948,20.4617549456998,"S",0.016921736806503,0.115885524894195,0.188687689357707,0.293309883201204,0.683005808866095
"180",17.9,0.616901270550388,3.71519918954085,6.00299788342554,7.30719776490429,9.27792065863326,21.4302079528219,"S",0.0205919361462854,0.124011974255624,0.200377848130382,0.309693558585844,0.715332411898611
"181",18,0.721442645729371,3.9654657987662,6.37550118633516,7.72765297364647,9.79098718457699,22.4174786082744,"S",0.0240814885675503,0.13236578106837,0.21281187054851,0.326819529377903,0.74828714106952
"182",18.1,0.841005501677377,4.22617384967752,6.75048489371343,8.16107825701337,10.3390884912972,23.5200043162638,"S",0.0280724524586641,0.141068119341071,0.225328687950007,0.345114948188773,0.785089041247651
"183",18.2,0.944987046455,4.48740146524051,7.14097221478373,8.6072905126578,10.8915883291344,24.6116375888646,"S",0.031543317948279,0.149787800489596,0.238363010239925,0.363557188340793,0.821527355962906
"184",18.3,1.07221179601519,4.75870947018858,7.54660920199126,9.06614047108217,11.4761944053286,25.840522660501,"S",0.0357900330131275,0.158843961305868,0.251903022779852,0.383071122849279,0.862547084944309
"185",18.4,1.19126104189772,5.04325183310485,7.9592297329655,9.53731043550933,12.0525997003175,26.9771419929399,"S",0.0397638527903009,0.168341880094166,0.265676143426673,0.402311318315571,0.900487017691298
"186",18.5,1.30925495142754,5.32674337380368,8.3649546879676,10.0205586539125,12.6508269528497,28.3370916496464,"S",0.0437024458305145,0.177804722825668,0.279219092299033,0.422279922650133,0.945881634026064
"187",18.6,1.44141858279562,5.62522314074399,8.81038771838947,10.5157435055826,13.2542840843185,29.5151312201239,"S",0.0481140189426345,0.187767867003195,0.294087482036195,0.442423098408452,0.985204158992542
"188",18.7,1.57966327446299,5.90968039121729,9.24968562905373,11.022395773671,13.8833450303737,30.9441474745555,"S",0.0527285755974418,0.197262944769639,0.308751083745953,0.463420920023787,1.03290419280347
"189",18.8,1.75787992252258,6.21991962960522,9.67764108193272,11.5407335338616,14.5124907642914,32.4970540980319,"S",0.0586773813662709,0.207618615752869,0.323036078411756,0.484421571826598,1.08473964129143
"190",18.9,1.86327201211853,6.53197445235652,10.1436194687589,12.0695387865711,15.1951512619579,33.8909172237747,"S",0.0621953303199942,0.218034890270349,0.338590264543539,0.507208526641912,1.13126627667402
"191",19,2.02658571353583,6.84557183472108,10.5934087306861,12.6083688722503,15.8678559623528,35.2078835612201,"S",0.0676466812442646,0.228502654856945,0.353604063676463,0.529663160628122,1.17522612571646
"192",19.1,2.19789975935069,7.17179208385343,11.0785724095364,13.1569788531616,16.5384319432796,36.4259843222735,"S",0.0733650807042531,0.239391766065559,0.369798647757103,0.552046738746154,1.21588587840099
"193",19.2,2.34323091052219,7.49029194931965,11.5605152060281,13.715183592212,17.2214512171552,37.8245251360817,"S",0.0782161807551894,0.250023173724081,0.3858857199764,0.57484566937857,1.26256865328038
"194",19.3,2.52208956988838,7.82743942744376,12.0409333598387,14.2821464520634,17.9335329085988,39.3704774052173,"S",0.0841864166238768,0.261277031793166,0.401921900187145,0.598614692755784,1.31417196799368
"195",19.4,2.71600647970855,8.16400974458946,12.535584714453,14.857400210646,18.6221298741671,40.7370411582512,"S",0.0906592913208917,0.272511624442353,0.418433179374175,0.621599804673059,1.35978736041652
"196",19.5,2.86423169489915,8.50247455285806,13.0313346098048,15.4406442219182,19.3760603090805,42.3752323004669,"S",0.0956069941579293,0.283809454504226,0.434981127444543,0.646765723622499,1.41446957458317
"197",19.6,3.00767023474528,8.8602825808018,13.5290875560104,16.0306990887448,20.0616528499272,43.9454929418959,"S",0.100394919543125,0.295752954081512,0.451595936611248,0.669650548954257,1.46688429376908
"198",19.7,3.13463789056011,9.19337187146193,14.0314048010426,16.6272953674279,20.8026080271717,45.5956239040788,"S",0.104633052913883,0.306871351354654,0.468363100383908,0.69438335860379,1.52196505470829
"199",19.8,3.2647113087267,9.53127969813829,14.5407867783231,17.2296441811187,21.5255642341911,47.2881542923466,"S",0.108974855482754,0.318150589577071,0.485366082304937,0.718515369287157,1.57846109280165
"200",19.9,3.41758422234067,9.87668181963209,15.0463886791696,17.837097581583,22.2854472024234,49.4035764162903,"S",0.114077696773431,0.329679984587468,0.502242886673298,0.743879981596234,1.64907310055424
"201",20,3.58931840627175,10.2151024193558,15.5542478998886,18.4498677468051,23.0656467882997,50.966810398593,"S",0.11981012028828,0.340976338984471,0.519195039543754,0.769922755084754,1.70125327245851
"202",20.1,3.73310524135353,10.5877182153375,16.0842941838258,19.0661813982162,23.8338916103392,52.8653870977778,"S",0.124609671639567,0.35341411637972,0.536887788374813,0.795566482979879,1.7646270601694
"203",20.2,3.83981698079864,10.9197948160451,16.5782555744878,19.6853084346248,24.6082054452282,54.4906516169241,"S",0.12817167001696,0.364498710436961,0.553376036820415,0.821412792278278,1.81887778844108
"204",20.3,4.00677582644784,11.2694679588073,17.1158882958263,20.3065774731921,25.3829238881551,55.949638533117,"S",0.133744694506922,0.376170670556942,0.571322018124812,0.847272607243267,1.86757823185191
"205",20.4,4.14190246661456,11.6301793629618,17.6418236044647,20.9292491058846,26.2086284431141,57.6177231795469,"S",0.138255171756374,0.388211083757842,0.588877544121536,0.8748343197621,1.9232582801281
"206",20.5,4.30521266560232,11.9679287012915,18.1642288987509,21.5525175785034,27.0172780982804,59.16163966412,"S",0.143706405770842,0.399485031697891,0.606315239545353,0.901826746036477,1.97479364110597
"207",20.6,4.44190985626754,12.3062747269455,18.6531716992968,22.1755924392407,27.8149053830877,60.706626379949,"S",0.148269307414801,0.410778896840041,0.622635969309846,0.928451249666745,2.02636472600717
"208",20.7,4.54570480281686,12.630919497887,19.1451121314452,22.7976268520386,28.5763305816487,62.4759641569175,"S",0.1517339443246,0.421615419169599,0.639056758908056,0.953867341053545,2.08542456631523
"209",20.8,4.67430533419702,12.9520297502299,19.6595741257609,23.4177752613845,29.3710245984432,64.2087604999855,"S",0.156026582477535,0.432333960576174,0.656229309918022,0.980393933282912,2.14326466708069
"210",20.9,4.78419802452062,13.2535046817818,20.1673694935237,24.0351899232942,30.1535657924725,66.11696425958,"S",0.159694759818243,0.442397082240168,0.673179331400428,1.00651486878514,2.20695980250587
"211",21,4.93767511223842,13.5573204396132,20.68041782921,24.6490111188115,30.9082288153641,68.0252547606583,"S",0.16481776821695,0.452538339819227,0.690304695008422,1.03170524125022,2.27065783332968
"212",21.1,5.00795017668162,13.8785065342555,21.1885462897255,25.2583614941617,31.7590896910505,69.69763454646,"S",0.167163523865013,0.463259412813693,0.70726583500366,1.06010666244664,2.32648125176881
"213",21.2,5.14831730145033,14.1700607970011,21.685842693594,25.8623515615662,32.553469376432,71.5684244580881,"S",0.171848926551404,0.472991386223763,0.72386540495608,1.08662276240975,2.38892752679268
"214",21.3,5.23740052485669,14.4671775214909,22.1797239268928,26.4600740774144,33.3057978444611,73.5458802691129,"S",0.174822491586296,0.482909032548643,0.740350977778559,1.11173520829734,2.45493427007008
"215",21.4,5.33872233696875,14.7138225959712,22.6623503788318,27.0506193023308,34.0294520385629,75.6759785437265,"S",0.178204576183684,0.491141953871631,0.756460870163719,1.13589051753125,2.52603616230159
"216",21.5,5.44142508283641,14.9678065995393,23.1621095510926,27.6330748546103,34.7365589911176,77.6058813273713,"S",0.181632755838863,0.499619845932036,0.773142646413804,1.1594934859651,2.59045560312054
"217",21.6,5.52867443360772,15.2615017666267,23.6066362780416,28.206547506534,35.3833927129339,79.4469518528703,"S",0.184545106883763,0.509423281936862,0.78798078407639,1.18108455625909,2.65190985603213
"218",21.7,5.57285040411044,15.4872562822241,24.0485244917512,28.7701374569517,36.0884221767291,81.2114209904922,"S",0.186019684433232,0.516958884134227,0.802730849143344,1.20461817888685,2.71080718296028
"219",21.8,5.59536219877931,15.7270358910488,24.458567926227,29.3229227396488,36.7861074590087,83.1774016371763,"S",0.186771119809505,0.524962638753983,0.816417947262621,1.22790665545311,2.77643088949801
"220",21.9,5.61901055344445,15.9456944277737,24.9039719471002,29.8640193426033,37.5194170857603,84.9498687362002,"S",0.187560493137907,0.532261379802223,0.831285368671782,1.25238425945618,2.83559518541838
"221",22,5.71220933073315,16.152870339865,25.2615182511958,30.392529772583,38.1210816146924,86.6633028456685,"S",0.190671433838561,0.539176835088979,0.843220132003859,1.27246759880512,2.89278898199065
"222",22.1,5.76199872518904,16.3435499454998,25.6574014561524,30.9075703649326,38.7738447403922,88.3069169072556,"S",0.192333385402517,0.545541649770145,0.856434566901328,1.29425659040675,2.94765221119934
"223",22.2,5.76226286029412,16.5391150243537,26.0336275797483,31.4082614555153,39.3536774456734,90.1387524125889,"S",0.19234220213459,0.552069539739655,0.868992855696453,1.3136111915604,3.00879820255493
"224",22.3,5.70027388166047,16.7587884401437,26.4181440162152,31.8937626033108,39.9566253794982,92.1374927246226,"S",0.190273032964848,0.559402157075568,0.881827872067644,1.33373737048977,3.07551541460036
"225",22.4,5.62038759134356,16.9630065653693,26.7598044693448,32.3632200596644,40.566044552948,93.891969623132,"S",0.18760645815345,0.566218882531176,0.89323237157253,1.35407955700335,3.13407920428425
"226",22.5,5.67006899826545,17.1496035874263,27.1182329919493,32.8157742853969,41.1111442822337,95.6833468907084,"S",0.189264805133478,0.57244742208315,0.905196583031997,1.3722747842701,3.19387471463379
"227",22.6,5.67296369699411,17.3061375618273,27.4052638947388,33.2506459756634,41.6687316436503,97.3729089189155,"S",0.18936142910595,0.577672468228238,0.91477756836046,1.39088684407672,3.25027166996667
"228",22.7,5.62297081354155,17.436688651009,27.7073973778958,33.6670561615317,42.2396534707134,99.0476014201356,"S",0.187692685154579,0.582030215278848,0.924862672233358,1.40994400341263,3.30617228599072
"229",22.8,5.54818518266564,17.5214567180033,27.9944756957959,34.0642619829057,42.8385471322782,100.270137569031,"S",0.185196368467985,0.58485974198939,0.934445240260667,1.42993485223412,3.34698009028024
"230",22.9,5.49529541066867,17.6566329658253,28.2769618138481,34.4415178291045,43.376896027623,101.498768851383,"S",0.183430927448903,0.589371875124018,0.943874522356249,1.44790473916185,3.38799134786924
"231",23,5.34638755417415,17.7199491530125,28.5150295748484,34.7981137471512,43.8133098098788,103.229102130719,"S",0.17846043829773,0.591485346024189,0.951821136129039,1.46247206973251,3.4457492324787
"232",23.1,5.27008821860317,17.7830806329865,28.7655466223981,35.1333559285126,44.2662732648449,104.775001137325,"S",0.175913594708512,0.593592651465924,0.960183302480384,1.47759182225457,3.49735076930847
"233",23.2,5.15509869066419,17.8204783591795,29.0312353868675,35.4465922698398,44.6592002823979,106.250680134327,"S",0.172075286814125,0.594840973728407,0.969051895128701,1.49070758071035,3.54660838820035
"234",23.3,5.06817165513836,17.8874492533875,29.2323946444099,35.7371897113223,45.0432809720966,107.60763880623,"S",0.169173694532857,0.597076437396622,0.975766516712881,1.50352805201565,3.59190316656907
"235",23.4,4.94819067577806,17.8666599871838,29.453608061649,36.0045573298528,45.3939540345183,108.804642301065,"S",0.165168773836954,0.596382499383151,0.983150538727337,1.51523338908388,3.63185870031362
"236",23.5,4.82691992328987,17.861328629788,29.6153598114595,36.248148457532,45.7150956466262,109.930713307456,"S",0.161120800991281,0.596204540645977,0.988549752284922,1.5259529772678,3.66944653384021
"237",23.6,4.67713218553196,17.8568957755885,29.7557075540249,36.46742325817,46.0589435119477,110.97673072368,"S",0.156120941729109,0.596056573613034,0.99323450800054,1.53743049178227,3.7043622081483
"238",23.7,4.38638955176514,17.8218191278597,29.8037320892607,36.6618535780804,46.3855095440706,112.294119609505,"S",0.146416060194033,0.594885728090846,0.994837549216758,1.54833114509917,3.7483361616993
"239",23.8,4.19269085000595,17.7912315933149,29.8387099390352,36.8308742359613,46.6661849646241,113.301025215346,"S",0.139950469201353,0.593864727505684,0.996005096899791,1.55769998678223,3.7819462982489
"240",23.9,4.00960767251248,17.7345201407213,29.9583908073487,36.9736246981343,46.9701222464128,114.624154604037,"S",0.133839220480725,0.591971720202377,1,1.56784530078602,3.82611186766145
"241",24,3.77361545985098,17.6002044417205,29.9376891257342,37.0871538321586,47.1776030134728,115.36575361316,"S",0.125961887743494,0.587488311868981,0.999308985527707,1.57477093201883,3.85086616818087
"242",24.1,3.55117120997654,17.5346443987039,29.9334684370681,37.1784874490137,47.4160456014568,116.482991101356,"S",0.118536780991102,0.585299941891494,0.999168100501762,1.58273005737764,3.88815914213866
"243",24.2,3.25170598546501,17.389253519515,29.9426580670828,37.2431414280651,47.5217483114929,117.061322397406,"S",0.108540742604485,0.58044684814144,0.999474846951323,1.58625837472672,3.90746362680774
"244",24.3,3.01563941365623,17.2341324525003,29.8648555512927,37.2808340854718,47.6595458968956,117.652447682414,"S",0.100660927786432,0.575268964322104,0.996877827762596,1.59085800713985,3.92719517009419
"245",24.4,2.84555968093738,17.1164967414018,29.7405725576899,37.291181301472,47.7164362673839,118.243375250987,"S",0.09498372924087,0.571342327812985,0.9927293074231,1.59275698665628,3.94692011367921
"246",24.5,2.59199756280699,16.8931958325818,29.6136294063058,37.2734344074398,47.688286361506,118.611995745363,"S",0.0865199195602715,0.56388862610197,0.988491992001175,1.59181735321405,3.9592245293852
"247",24.6,2.26567385636465,16.7402525302321,29.4385637781373,37.2280247669463,47.7116958531442,119.029775557914,"S",0.0756273549849307,0.55878343526134,0.982648366110374,1.592598753383,3.97316986494202
"248",24.7,1.94474688700743,16.5555548661865,29.2738139143957,37.1537677764443,47.6439127881292,119.979715970968,"S",0.0649149314966006,0.552618295576991,0.977149076619125,1.59033617975376,4.00487852443453
"249",24.8,1.67373992938478,16.3193626626736,29.096092678221,37.0485851673427,47.668678783914,120.727858284734,"S",0.0558688195286583,0.544734287219141,0.971216807515704,1.59116285952919,4.02985123804177
"250",24.9,1.36580932475178,16.0613918170256,28.9413970459381,36.9206397422123,47.599341759012,120.459314003121,"S",0.045590209885931,0.536123315845314,0.966053124550297,1.58884841529392,4.02088732928782
"251",25,1.07629356434842,15.8446698687819,28.7394887882593,36.7633583795875,47.4082034987059,120.763372531732,"S",0.0359262809297624,0.528889217404003,0.959313501618704,1.58246829088953,4.03103669046567
"252",25.1,0.880486671517265,15.5794423758208,28.5529653798158,36.5805872947272,47.3249107100507,120.910947115725,"S",0.0293903192991689,0.520036021827954,0.953087419261913,1.57968800842407,4.03596267547407
"253",25.2,0.63191577620432,15.3075956952572,28.2160466978283,36.3625126595703,47.1034870885017,121.013893001401,"S",0.0210931147893735,0.510961880218958,0.941841198323209,1.57229696986753,4.03939897104607
"254",25.3,0.430525959925136,15.0242703675112,27.9105700240737,36.1262319983608,46.8698662161333,121.297387539971,"S",0.0143707972398681,0.501504585614317,0.931644499985204,1.56449879159185,4.04886191384542
"255",25.4,0.231897737553315,14.6573271354689,27.5973418307919,35.8609539765086,46.6169755650829,121.42594333372,"S",0.00774066067315041,0.489256156304413,0.921189058793583,1.55605739523392,4.05315305867279
"256",25.5,0.0567495245308281,14.3270855850836,27.2668869629303,35.5685769277633,46.4513749399153,121.608287019503,"S",0.00189427813048315,0.478232815547929,0.910158597578671,1.55052970764107,4.05923962343375
"257",25.6,0.00956044099772305,13.9594107682574,26.8922203701769,35.2479393234431,46.1071915634042,121.158172699999,"S",0.000319123982966999,0.465959966208638,0.897652365346016,1.53904099388724,4.04421497399916
"258",25.7,2.33171834876493e-08,13.6045585963909,26.4764818433631,34.8852636441535,45.6834217337835,120.887548620876,"S",7.7831895703589e-10,0.45411513201349,0.883775167151784,1.52489571377704,4.03518164237387
"259",25.8,0,13.1918801162896,26.0968620006731,34.503311680756,45.3906016729031,120.543271030812,"S",0,0.440340077046251,0.871103597269037,1.5151214884936,4.02368978380653
"260",25.9,0,12.755723930452,25.6780959286504,34.1032024473642,45.0067570943152,120.058435422566,"S",0,0.425781344948711,0.85712534073598,1.5023088984898,4.00750615060126
"261",26,0,12.3381387363097,25.1818335748964,33.6825034055977,44.5932929478298,119.46188976869,"S",0,0.411842505682355,0.840560286993765,1.48850761826938,3.98759367740759
"262",26.1,0,11.93073886248,24.6891562955971,33.2415666577202,44.1225569302428,118.852288955741,"S",0,0.39824364863928,0.824114901710305,1.47279462418321,3.96724542783475
"263",26.2,0,11.502055902795,24.2068537774837,32.7656280602646,43.5625463028292,117.948997190177,"S",0,0.383934370065482,0.80801582211638,1.45410167665426,3.9370938829346
"264",26.3,0,11.097341437048,23.6741034067638,32.2591099220739,42.9501802509688,117.245244749628,"S",0,0.370425150950558,0.790232811869075,1.43366112442973,3.91360288687027
"265",26.4,0,10.6105928127329,23.080288050579,31.7253375250413,42.2830216506241,116.280440653871,"S",0,0.354177661976764,0.770411475002105,1.41139161721103,3.88139808314897
"266",26.5,0,10.0864098735587,22.5017248775362,31.1593439620404,41.5850141831426,115.607925188709,"S",0,0.336680629424345,0.751099250364829,1.38809238622196,3.85894976576482
"267",26.6,0,9.54785569412269,21.8723031898208,30.5932309036267,40.8564816573606,114.889543838606,"S",0,0.31870389018961,0.730089387326358,1.36377424008163,3.83497046211254
"268",26.7,0,9.04243226091448,21.2431767026095,30.00646511162,40.1807275266075,113.637835429738,"S",0,0.30183304300498,0.709089377971485,1.34121781723841,3.79318889857938
"269",26.8,0,8.48769263573815,20.6424404588225,29.3967804298798,39.6005700184618,112.633014337803,"S",0,0.283316039580342,0.689037024437206,1.32185237428533,3.75964834233266
"270",26.9,0,7.99918940808962,20.0789901393706,28.7774818031039,38.8053453438257,111.282580366727,"S",0,0.26700998259651,0.670229261260763,1.29530806889357,3.71457135606328
"271",27,0,7.54385793453891,19.4366157651373,28.1639740327262,38.067415957374,110.368135463906,"S",0,0.251811186490311,0.648787042339055,1.2706762590211,3.68404752356837
"272",27.1,0,7.00856905716382,18.8069386170224,27.5291259557396,37.2857224736596,108.705709019394,"S",0,0.233943441830148,0.627768652126973,1.24458361977552,3.62855634397857
"273",27.2,0,6.449380884403,18.2309303565089,26.8900073275993,36.3527683977377,107.351058333166,"S",0,0.215277947533183,0.608541709524561,1.21344195793121,3.58333860531764
"274",27.3,0,5.91474938675562,17.6130227541435,26.2344691823758,35.4962985976051,105.918506782036,"S",0,0.197432145965088,0.587916182394653,1.18485331291219,3.53552056461106
"275",27.4,0,5.45137487268789,16.9419851934544,25.5710879998538,34.6686536375402,104.593809408826,"S",0,0.181964876142502,0.565517196914948,1.1572268303889,3.49130265645543
"276",27.5,0,4.93281060188428,16.2612042980836,24.8989501937438,33.8185995217384,103.456199074787,"S",0,0.164655392661286,0.542792982528779,1.12885233853892,3.45332964444171
"277",27.6,0,4.32430109894481,15.5507577976325,24.1942629967304,32.968811591451,102.120718370063,"S",0,0.144343570612747,0.519078541221843,1.10048673186291,3.40875179267015
"278",27.7,0,3.80272450880727,14.8494075349636,23.4764545672078,31.9902103699489,100.417892408201,"S",0,0.126933537026777,0.495667728966307,1.06782138518941,3.35191209213975
"279",27.8,0,3.265953523641,14.1291831486301,22.7635639695885,30.9945562950672,98.6021206490623,"S",0,0.109016320156952,0.471626905446612,1.03458682057997,3.29130230268828
"280",27.9,0,2.81602459070479,13.3822974107592,22.040086620987,30.1597157810457,96.8560093009751,"S",0,0.0939978588574264,0.446696135877783,1.0067201531281,3.23301775198208
"281",28,0,2.32301613714556,12.626062721136,21.3127145775441,29.1911963869115,95.6576932126373,"S",0,0.077541419099711,0.421453301758748,0.974391334121691,3.1930184043521
"282",28.1,0,1.85966562861164,11.8639353060357,20.5996493461844,28.1397122884315,94.226754954591,"S",0,0.0620749505729616,0.396013770643699,0.939293183982663,3.14525421477169
"283",28.2,0,1.41850253896122,11.1791630360686,19.8888766420151,27.1223710693291,92.4330252682334,"S",0,0.047349089878795,0.373156325650388,0.905334710523773,3.08538018155367
"284",28.3,0,1.00636137083729,10.4654481516904,19.1480658777815,26.129798342439,90.7144767512109,"S",0,0.033591970186544,0.349332786897328,0.872203000170136,3.02801566794966
"285",28.4,0,0.658092688357805,9.75294076524163,18.4190745361343,25.147693376822,88.8213831502778,"S",0,0.0219668904311234,0.325549553978355,0.839420699814535,2.96482490402956
"286",28.5,0,0.373698103505565,9.01020309306047,17.6887254105873,24.1818626218952,86.741058224491,"S",0,0.0124739044199229,0.300757245307391,0.807181626590017,2.89538442776485
"287",28.6,0,0.160960845165601,8.29785717340167,16.9716767997174,23.19239134147,83.8178588229987,"S",0,0.00537281345318846,0.276979402090122,0.77415344137179,2.79780911337996
"288",28.7,0,0.0261011461977748,7.64120959245445,16.2773168203701,22.1889109627539,81.3364683284563,"S",0,0.00087124660218306,0.255060748809648,0.740657637636232,2.71498121683174
"289",28.8,0,5.2753145280144e-06,7.00376400729616,15.589508472553,21.1411784100994,78.9847434462451,"S",0,1.7608804698283e-07,0.233783051043521,0.705684712708718,2.63648151044449
"290",28.9,0,0,6.36914989718707,14.9127447496591,20.1780543941779,76.5105656741015,"S",0,0,0.212599866866839,0.673535989430656,2.5538943719011
"291",29,0,0,5.70580799140636,14.244716505846,19.1919280987828,74.5078984690106,"S",0,0,0.190457759500445,0.640619458575028,2.48704608161844
"292",29.1,0,0,5.16035445494603,13.6014975486662,18.2003922566352,72.4999877779315,"S",0,0,0.172250722281125,0.607522359050431,2.42002276571369
"293",29.2,0,0,4.58950487734856,12.968139091013,17.2352758003634,70.801039184457,"S",0,0,0.153195974605644,0.575307128850712,2.36331249030538
"294",29.3,0,0,4.00150037742547,12.3457395862343,16.3205963564403,69.0267385988544,"S",0,0,0.133568601970568,0.544775467460587,2.30408699328144
"295",29.4,0,0,3.45529949765807,11.7397677155214,15.315869836741,66.662537538315,"S",0,0,0.115336618708188,0.511238068000102,2.22517083667801
"296",29.5,0,0,2.92712236075451,11.152440439941,14.3918908179748,64.5260494336221,"S",0,0,0.0977062613134914,0.480395990242725,2.15385565428281
"297",29.6,0,0,2.47492204534351,10.569221294983,13.4612775123171,62.2728418665285,"S",0,0,0.0826119821074108,0.449332462443713,2.07864441942099
"298",29.7,0,0,2.00423148492429,10.003406036094,12.5587510700749,59.9798485461312,"S",0,0,0.0669005053646825,0.419206463752861,2.00210515083535
"299",29.8,0,0,1.58282855411149,9.46453227914538,11.7105583346854,57.9277530634641,"S",0,0,0.0528342314608977,0.390894104092294,1.93360696293656
"300",29.9,0,0,1.21279440520185,8.94614870444255,10.865653262958,55.5653247825138,"S",0,0,0.0404826284896569,0.362691485428273,1.85474998105986
"301",30,0,0,0.894688835223052,8.42552853086175,10.0868283851037,53.3967663652231,"S",0,0,0.0298643822686093,0.336694599184861,1.78236430349673
"302",30.1,0,0,0.571824402825993,7.93216848560662,9.24464409743746,51.5712573865308,"S",0,0,0.0190872869809057,0.308582799286061,1.7214294892595
"303",30.2,0,0,0.332741974881493,7.45171311795797,8.49346583863334,49.5706137048132,"S",0,0,0.0111068040009636,0.283508746956793,1.6546487434383
"304",30.3,0,0,0.154408297892265,6.99025592290968,7.7796457026639,47.4609086606205,"S",0,0,0.00515409184976613,0.259681694944562,1.58422756969238
"305",30.4,0,0,0.0366601123738131,6.54484429481417,7.01002689010543,45.1412466911841,"S",0,0,0.00122370098612975,0.233992103754314,1.50679811146969
"306",30.5,0,0,0.000771582092238055,6.12010697497868,6.36739712153186,42.9551960185812,"S",0,0,2.57551247395033e-05,0.212541359864027,1.4338285488967
"307",30.6,0,0,0,5.72825925806283,5.74194829242752,40.913833629069,"S",0,0,0,0.191664109375963,1.36568862767599
"308",30.7,0,0,0,5.34371659898182,5.17804993735738,39.1977537219298,"S",0,0,0,0.172841390936366,1.30840651535645
"309",30.8,0,0,0,4.98256263791387,4.61775279044597,37.5314954383135,"S",0,0,0,0.154138879492594,1.2527874303952
"310",30.9,0,0,0,4.63457655934508,4.05770852544364,35.4985479546945,"S",0,0,0,0.135444809153377,1.18492839561953
"311",31,0,0,0,4.3006415648505,3.49294729346027,33.560072774629,"S",0,0,0,0.116593288201697,1.12022281138
"312",31.1,0,0,0,3.98674419870448,3.01716442083965,31.9600750315394,"S",0,0,0,0.100711831961934,1.06681547874393
"313",31.2,0,0,0,3.68873620348503,2.54086791259156,30.0860064126081,"S",0,0,0,0.0848132307549806,1.00425976168347
"314",31.3,0,0,0,3.40375507117069,2.11579765579374,28.4774071245175,"S",0,0,0,0.0706245428667932,0.950565312657982
"315",31.4,0,0,0,3.13501684901054,1.74760660611875,26.7022478569852,"S",0,0,0,0.0583344618660246,0.891311153148961
"316",31.5,0,0,0,2.88369740902355,1.40140217183164,25.043709664888,"S",0,0,0,0.0467782859514564,0.835949761986041
"317",31.6,0,0,0,2.63994201908333,1.08110052313322,23.5296093843439,"S",0,0,0,0.0360867354353368,0.785409654866114
"318",31.7,0,0,0,2.40495558433653,0.772055180498193,21.6538839557645,"S",0,0,0,0.0257709162505754,0.722798634112646
"319",31.8,0,0,0,2.18430383315357,0.534428818305362,20.1304035694581,"S",0,0,0,0.0178390362066533,0.671945422533182
"320",31.9,0,0,0,1.97379881377577,0.314390777578737,18.5794999111232,"S",0,0,0,0.0104942478252743,0.620176832280515
"321",32,0,0,0,1.78781205032707,0.168636881228539,17.2300823238834,"S",0,0,0,0.00562903669669642,0.575133772527491
"322",32.1,0,0,0,1.61765973278907,0.0634918866907375,15.8632121587339,"S",0,0,0,0.00211933568458434,0.529508152181614
"323",32.2,0,0,0,1.45744367433753,0.00534192001512387,14.7080770312267,"S",0,0,0,0.000178311313497303,0.490950169046426
"324",32.3,0,0,0,1.30440712170105,3.54574795095049e-24,13.1888530865767,"S",0,0,0,1.18355754611517e-25,0.44023903591449
"325",32.4,0,0,0,1.16496888383646,0,11.9385647676135,"S",0,0,0,0,0.398504874456908
"326",32.5,0,0,0,1.0329187612765,0,10.7677334392099,"S",0,0,0,0,0.359422957943676
"327",32.6,0,0,0,0.919103839171336,0,9.65623075906624,"S",0,0,0,0,0.322321409756681
"328",32.7,0,0,0,0.815687338794235,0,8.5610035874301,"S",0,0,0,0,0.285763132021434
"329",32.8,0,0,0,0.718179544057132,0,7.60333610103685,"S",0,0,0,0,0.253796545680009
"330",32.9,0,0,0,0.634834082830792,0,6.78640685991307,"S",0,0,0,0,0.22652774988997
"331",33,0,0,0,0.558903067893677,0,5.95237996678161,"S",0,0,0,0,0.198688240802357
"332",33.1,0,0,0,0.486637480100471,0,5.18645335428238,"S",0,0,0,0,0.173121893883905
"333",33.2,0,0,0,0.425882462567276,0,4.51167932790045,"S",0,0,0,0,0.150598186561935
"334",33.3,0,0,0,0.371316657492433,0,3.90394838229174,"S",0,0,0,0,0.130312352469016
"335",33.4,0,0,0,0.321998698662797,0,3.30106401362081,"S",0,0,0,0,0.110188295320958
"336",33.5,0,0,0,0.280066810102868,0,2.72407524039296,"S",0,0,0,0,0.0909286235669489
"337",33.6,0,0,0,0.241808818634645,0,2.16755389219327,"S",0,0,0,0,0.0723521468870609
"338",33.7,0,0,0,0.208699103823213,0,1.79081225972123,"S",0,0,0,0,0.059776650596398
"339",33.8,0,0,0,0.180395916802772,0,1.40267672947434,"S",0,0,0,0,0.0468208302139601
"340",33.9,0,0,0,0.156201468871559,0,1.10283382011283,"S",0,0,0,0,0.0368121848468012
"341",34,0,0,0,0.13429806753453,0,0.831354321723365,"S",0,0,0,0,0.0277502996429113
"342",34.1,0,0,0,0.114510212488856,0,0.61563061130824,"S",0,0,0,0,0.0205495220109495
"343",34.2,0,0,0,0.0963949763538897,0,0.433985083281387,"S",0,0,0,0,0.0144862614975612
"344",34.3,0,0,0,0.0803393309931454,0,0.260129455935251,"S",0,0,0,0,0.00868302498649031
"345",34.4,0,0,0,0.0659385619444488,0,0.137940490929655,"S",0,0,0,0,0.00460440254674222
"346",34.5,0,0,0,0.0542615206838479,0,0.0297963391509475,"S",0,0,0,0,0.000994590775671386
"347",34.6,0,0,0,0.0439999520343001,0,0.000539037763275507,"S",0,0,0,0,1.79928810843632e-05
"348",34.7,0,0,0,0.0367032615212033,0,0,"S",0,0,0,0,0
"349",34.8,0,0,0,0.0303391460739284,0,0,"S",0,0,0,0,0
"350",34.9,0,0,0,0.0248446104916408,0,0,"S",0,0,0,0,0
"351",35,0,0,0,0.0202719199020468,0,0,"S",0,0,0,0,0
"352",35.1,0,0,0,0.0162695433286652,0,0,"S",0,0,0,0,0
"353",35.2,0,0,0,0.0130256194930413,0,0,"S",0,0,0,0,0
"354",35.3,0,0,0,0.0102761566199856,0,0,"S",0,0,0,0,0
"355",35.4,0,0,0,0.00770587856823152,0,0,"S",0,0,0,0,0
"356",35.5,0,0,0,0.00545631235548774,0,0,"S",0,0,0,0,0
"357",35.6,0,0,0,0.00369128021196167,0,0,"S",0,0,0,0,0
"358",35.7,0,0,0,0.00269092573106222,0,0,"S",0,0,0,0,0
"359",35.8,0,0,0,0.00194586011878683,0,0,"S",0,0,0,0,0
"360",35.9,0,0,0,0.00143658914310109,0,0,"S",0,0,0,0,0
"361",36,0,0,0,0.00100513076923417,0,0,"S",0,0,0,0,0
"362",36.1,0,0,0,0.000690653556905173,0,0,"S",0,0,0,0,0
"363",36.2,0,0,0,0.000434796848522996,0,0,"S",0,0,0,0,0
"364",36.3,0,0,0,0.000272174907196211,0,0,"S",0,0,0,0,0
"365",36.4,0,0,0,0.000146455015319217,0,0,"S",0,0,0,0,0
"366",36.5,0,0,0,9.42812203647353e-05,0,0,"S",0,0,0,0,0
"367",36.6,0,0,0,5.48997315383758e-05,0,0,"S",0,0,0,0,0
"368",36.7,0,0,0,2.87304210725626e-05,0,0,"S",0,0,0,0,0
"369",36.8,0,0,0,1.92955963550655e-05,0,0,"S",0,0,0,0,0
"370",36.9,0,0,0,1.1470868730808e-05,0,0,"S",0,0,0,0,0
"371",37,0,0,0,4.68259232866142e-06,0,0,"S",0,0,0,0,0
"372",37.1,0,0,0,1.69751968860511e-08,0,0,"S",0,0,0,0,0
"373",37.2,0,0,0,0,0,0,"S",0,0,0,0,0
"374",37.3,0,0,0,0,0,0,"S",0,0,0,0,0
"375",37.4,0,0,0,0,0,0,"S",0,0,0,0,0
"376",37.5,0,0,0,0,0,0,"S",0,0,0,0,0
"377",37.6,0,0,0,0,0,0,"S",0,0,0,0,0
"378",37.7,0,0,0,0,0,0,"S",0,0,0,0,0
"379",37.8,0,0,0,0,0,0,"S",0,0,0,0,0
"380",37.9,0,0,0,0,0,0,"S",0,0,0,0,0
"381",38,0,0,0,0,0,0,"S",0,0,0,0,0
"382",38.1,0,0,0,0,0,0,"S",0,0,0,0,0
"383",38.2,0,0,0,0,0,0,"S",0,0,0,0,0
"384",38.3,0,0,0,0,0,0,"S",0,0,0,0,0
"385",38.4,0,0,0,0,0,0,"S",0,0,0,0,0
"386",38.5,0,0,0,0,0,0,"S",0,0,0,0,0
"387",38.6,0,0,0,0,0,0,"S",0,0,0,0,0
"388",38.7,0,0,0,0,0,0,"S",0,0,0,0,0
"389",38.8,0,0,0,0,0,0,"S",0,0,0,0,0
"390",38.9,0,0,0,0,0,0,"S",0,0,0,0,0
"391",39,0,0,0,0,0,0,"S",0,0,0,0,0
"392",39.1,0,0,0,0,0,0,"S",0,0,0,0,0
"393",39.2,0,0,0,0,0,0,"S",0,0,0,0,0
"394",39.3,0,0,0,0,0,0,"S",0,0,0,0,0
"395",39.4,0,0,0,0,0,0,"S",0,0,0,0,0
"396",39.5,0,0,0,0,0,0,"S",0,0,0,0,0
"397",39.6,0,0,0,0,0,0,"S",0,0,0,0,0
"398",39.7,0,0,0,0,0,0,"S",0,0,0,0,0
"399",39.8,0,0,0,0,0,0,"S",0,0,0,0,0
"400",39.9,0,0,0,0,0,0,"S",0,0,0,0,0
"401",40,0,0,0,0,0,0,"S",0,0,0,0,0
"402",40.1,0,0,0,0,0,0,"S",0,0,0,0,0
"403",40.2,0,0,0,0,0,0,"S",0,0,0,0,0
"404",40.3,0,0,0,0,0,0,"S",0,0,0,0,0
"405",40.4,0,0,0,0,0,0,"S",0,0,0,0,0
"406",40.5,0,0,0,0,0,0,"S",0,0,0,0,0
"407",40.6,0,0,0,0,0,0,"S",0,0,0,0,0
"408",40.7,0,0,0,0,0,0,"S",0,0,0,0,0
"409",40.8,0,0,0,0,0,0,"S",0,0,0,0,0
"410",40.9,0,0,0,0,0,0,"S",0,0,0,0,0
"411",41,0,0,0,0,0,0,"S",0,0,0,0,0
"412",41.1,0,0,0,0,0,0,"S",0,0,0,0,0
"413",41.2,0,0,0,0,0,0,"S",0,0,0,0,0
"414",41.3,0,0,0,0,0,0,"S",0,0,0,0,0
"415",41.4,0,0,0,0,0,0,"S",0,0,0,0,0
"416",41.5,0,0,0,0,0,0,"S",0,0,0,0,0
"417",41.6,0,0,0,0,0,0,"S",0,0,0,0,0
"418",41.7,0,0,0,0,0,0,"S",0,0,0,0,0
"419",41.8,0,0,0,0,0,0,"S",0,0,0,0,0
"420",41.9,0,0,0,0,0,0,"S",0,0,0,0,0
"421",42,0,0,0,0,0,0,"S",0,0,0,0,0
"422",42.1,0,0,0,0,0,0,"S",0,0,0,0,0
"423",42.2,0,0,0,0,0,0,"S",0,0,0,0,0
"424",42.3,0,0,0,0,0,0,"S",0,0,0,0,0
"425",42.4,0,0,0,0,0,0,"S",0,0,0,0,0
"426",42.5,0,0,0,0,0,0,"S",0,0,0,0,0
"427",42.6,0,0,0,0,0,0,"S",0,0,0,0,0
"428",42.7,0,0,0,0,0,0,"S",0,0,0,0,0
"429",42.8,0,0,0,0,0,0,"S",0,0,0,0,0
"430",42.9,0,0,0,0,0,0,"S",0,0,0,0,0
"431",43,0,0,0,0,0,0,"S",0,0,0,0,0
"432",43.1,0,0,0,0,0,0,"S",0,0,0,0,0
"433",43.2,0,0,0,0,0,0,"S",0,0,0,0,0
"434",43.3,0,0,0,0,0,0,"S",0,0,0,0,0
"435",43.4,0,0,0,0,0,0,"S",0,0,0,0,0
"436",43.5,0,0,0,0,0,0,"S",0,0,0,0,0
"437",43.6,0,0,0,0,0,0,"S",0,0,0,0,0
"438",43.7,0,0,0,0,0,0,"S",0,0,0,0,0
"439",43.8,0,0,0,0,0,0,"S",0,0,0,0,0
"440",43.9,0,0,0,0,0,0,"S",0,0,0,0,0
"441",44,0,0,0,0,0,0,"S",0,0,0,0,0
"442",44.1,0,0,0,0,0,0,"S",0,0,0,0,0
"443",44.2,0,0,0,0,0,0,"S",0,0,0,0,0
"444",44.3,0,0,0,0,0,0,"S",0,0,0,0,0
"445",44.4,0,0,0,0,0,0,"S",0,0,0,0,0
"446",44.5,0,0,0,0,0,0,"S",0,0,0,0,0
"447",44.6,0,0,0,0,0,0,"S",0,0,0,0,0
"448",44.7,0,0,0,0,0,0,"S",0,0,0,0,0
"449",44.8,0,0,0,0,0,0,"S",0,0,0,0,0
"450",44.9,0,0,0,0,0,0,"S",0,0,0,0,0
"451",45,0,0,0,0,0,0,"S",0,0,0,0,0
