"","temperature","lowerCI","lowerQ","median","mean","upperQ","upperCI","trait","scaled_lowerCI","scaled_lowerQ","scaled_median","scaled_upperQ","scaled_upperCI"
"1",0,0,0,0,0,0,0,"S",0,0,0,0,0
"2",0.1,0,0,0,0,0,0,"S",0,0,0,0,0
"3",0.2,0,0,0,0,0,0,"S",0,0,0,0,0
"4",0.3,0,0,0,0,0,0,"S",0,0,0,0,0
"5",0.4,0,0,0,0,0,0,"S",0,0,0,0,0
"6",0.5,0,0,0,0,0,0,"S",0,0,0,0,0
"7",0.6,0,0,0,0,0,0,"S",0,0,0,0,0
"8",0.7,0,0,0,0,0,0,"S",0,0,0,0,0
"9",0.8,0,0,0,0,0,0,"S",0,0,0,0,0
"10",0.9,0,0,0,0,0,0,"S",0,0,0,0,0
"11",1,0,0,0,0,0,0,"S",0,0,0,0,0
"12",1.1,0,0,0,0,0,0,"S",0,0,0,0,0
"13",1.2,0,0,0,0,0,0,"S",0,0,0,0,0
"14",1.3,0,0,0,0,0,0,"S",0,0,0,0,0
"15",1.4,0,0,0,0,0,0,"S",0,0,0,0,0
"16",1.5,0,0,0,0,0,0,"S",0,0,0,0,0
"17",1.6,0,0,0,0,0,0,"S",0,0,0,0,0
"18",1.7,0,0,0,0,0,0,"S",0,0,0,0,0
"19",1.8,0,0,0,0,0,0,"S",0,0,0,0,0
"20",1.9,0,0,0,0,0,0,"S",0,0,0,0,0
"21",2,0,0,0,0,0,0,"S",0,0,0,0,0
"22",2.1,0,0,0,0,0,0,"S",0,0,0,0,0
"23",2.2,0,0,0,0,0,0,"S",0,0,0,0,0
"24",2.3,0,0,0,0,0,0,"S",0,0,0,0,0
"25",2.4,0,0,0,0,0,0,"S",0,0,0,0,0
"26",2.5,0,0,0,0,0,0,"S",0,0,0,0,0
"27",2.6,0,0,0,0,0,0,"S",0,0,0,0,0
"28",2.7,0,0,0,0,0,0,"S",0,0,0,0,0
"29",2.8,0,0,0,0,0,0,"S",0,0,0,0,0
"30",2.9,0,0,0,0,0,0,"S",0,0,0,0,0
"31",3,0,0,0,0,0,0,"S",0,0,0,0,0
"32",3.1,0,0,0,0,0,0,"S",0,0,0,0,0
"33",3.2,0,0,0,0,0,0,"S",0,0,0,0,0
"34",3.3,0,0,0,0,0,0,"S",0,0,0,0,0
"35",3.4,0,0,0,0,0,0,"S",0,0,0,0,0
"36",3.5,0,0,0,0,0,0,"S",0,0,0,0,0
"37",3.6,0,0,0,0,0,0,"S",0,0,0,0,0
"38",3.7,0,0,0,0,0,0,"S",0,0,0,0,0
"39",3.8,0,0,0,0,0,0,"S",0,0,0,0,0
"40",3.9,0,0,0,0,0,0,"S",0,0,0,0,0
"41",4,0,0,0,0,0,0,"S",0,0,0,0,0
"42",4.1,0,0,0,0,0,0,"S",0,0,0,0,0
"43",4.2,0,0,0,0,0,0,"S",0,0,0,0,0
"44",4.3,0,0,0,0,0,0,"S",0,0,0,0,0
"45",4.4,0,0,0,0,0,0,"S",0,0,0,0,0
"46",4.5,0,0,0,0,0,0,"S",0,0,0,0,0
"47",4.6,0,0,0,0,0,0,"S",0,0,0,0,0
"48",4.7,0,0,0,0,0,0,"S",0,0,0,0,0
"49",4.8,0,0,0,0,0,0,"S",0,0,0,0,0
"50",4.9,0,0,0,0,0,0,"S",0,0,0,0,0
"51",5,0,0,0,0,0,0,"S",0,0,0,0,0
"52",5.1,0,0,0,0,0,0,"S",0,0,0,0,0
"53",5.2,0,0,0,0,0,0,"S",0,0,0,0,0
"54",5.3,0,0,0,0,0,0,"S",0,0,0,0,0
"55",5.4,0,0,0,0,0,0,"S",0,0,0,0,0
"56",5.5,0,0,0,0,0,0,"S",0,0,0,0,0
"57",5.6,0,0,0,0,0,0,"S",0,0,0,0,0
"58",5.7,0,0,0,0,0,0,"S",0,0,0,0,0
"59",5.8,0,0,0,0,0,0,"S",0,0,0,0,0
"60",5.9,0,0,0,0,0,0,"S",0,0,0,0,0
"61",6,0,0,0,0,0,0,"S",0,0,0,0,0
"62",6.1,0,0,0,0,0,0,"S",0,0,0,0,0
"63",6.2,0,0,0,0,0,0,"S",0,0,0,0,0
"64",6.3,0,0,0,0,0,0,"S",0,0,0,0,0
"65",6.4,0,0,0,0,0,0,"S",0,0,0,0,0
"66",6.5,0,0,0,0,0,0,"S",0,0,0,0,0
"67",6.6,0,0,0,0,0,0,"S",0,0,0,0,0
"68",6.7,0,0,0,0,0,0,"S",0,0,0,0,0
"69",6.8,0,0,0,0,0,0,"S",0,0,0,0,0
"70",6.9,0,0,0,0,0,0,"S",0,0,0,0,0
"71",7,0,0,0,0,0,0,"S",0,0,0,0,0
"72",7.1,0,0,0,0,0,0,"S",0,0,0,0,0
"73",7.2,0,0,0,0,0,0,"S",0,0,0,0,0
"74",7.3,0,0,0,0,0,0,"S",0,0,0,0,0
"75",7.4,0,0,0,0,0,0,"S",0,0,0,0,0
"76",7.5,0,0,0,0,0,0,"S",0,0,0,0,0
"77",7.6,0,0,0,0,0,0,"S",0,0,0,0,0
"78",7.7,0,0,0,0,0,0,"S",0,0,0,0,0
"79",7.8,0,0,0,0,0,0,"S",0,0,0,0,0
"80",7.9,0,0,0,0,0,0,"S",0,0,0,0,0
"81",8,0,0,0,0,0,0,"S",0,0,0,0,0
"82",8.1,0,0,0,0,0,0,"S",0,0,0,0,0
"83",8.2,0,0,0,0,0,0,"S",0,0,0,0,0
"84",8.3,0,0,0,0,0,0,"S",0,0,0,0,0
"85",8.4,0,0,0,0,0,0,"S",0,0,0,0,0
"86",8.5,0,0,0,0,0,0,"S",0,0,0,0,0
"87",8.6,0,0,0,0,0,0,"S",0,0,0,0,0
"88",8.7,0,0,0,0,0,0,"S",0,0,0,0,0
"89",8.8,0,0,0,4.04784093735422e-15,0,0,"S",0,0,0,0,0
"90",8.9,0,0,0,7.03404570750652e-14,0,0,"S",0,0,0,0,0
"91",9,0,0,0,5.18895779788924e-13,0,0,"S",0,0,0,0,0
"92",9.1,0,0,0,2.70355678096908e-12,0,0,"S",0,0,0,0,0
"93",9.2,0,0,0,8.9157135471889e-09,0,0,"S",0,0,0,0,0
"94",9.3,0,0,0,2.57310255549337e-08,0,0,"S",0,0,0,0,0
"95",9.4,0,0,0,5.31049329454276e-08,0,0,"S",0,0,0,0,0
"96",9.5,0,0,0,9.66645839760532e-08,0,0,"S",0,0,0,0,0
"97",9.6,0,0,0,1.68399999056136e-07,0,0,"S",0,0,0,0,0
"98",9.7,0,0,0,3.01106703275892e-07,0,0,"S",0,0,0,0,0
"99",9.8,0,0,0,5.45636271226275e-07,0,0,"S",0,0,0,0,0
"100",9.9,0,0,0,9.67073609772889e-07,0,0,"S",0,0,0,0,0
"101",10,0,0,0,1.65140460428113e-06,0,0,"S",0,0,0,0,0
"102",10.1,0,0,0,2.7670370378702e-06,0,0,"S",0,0,0,0,0
"103",10.2,0,0,0,4.71044423965122e-06,0,0,"S",0,0,0,0,0
"104",10.3,0,0,0,7.98574342368679e-06,0,0,"S",0,0,0,0,0
"105",10.4,0,0,0,1.30089089052199e-05,0,0,"S",0,0,0,0,0
"106",10.5,0,0,0,2.01841177926794e-05,0,0,"S",0,0,0,0,0
"107",10.6,0,0,0,3.05794871768107e-05,0,0,"S",0,0,0,0,0
"108",10.7,0,0,0,4.49979874205622e-05,0,0,"S",0,0,0,0,0
"109",10.8,0,0,0,6.47301015096998e-05,0,0,"S",0,0,0,0,0
"110",10.9,0,0,0,9.05194088430879e-05,0,4.36138083448695e-87,"S",0,0,0,0,1.35904204942025e-88
"111",11,0,0,0,0.000127730110901753,0,1.45711872836554e-14,"S",0,0,0,0,4.54050150169811e-16
"112",11.1,0,0,0,0.000175520998640188,0,2.07397004926361e-08,"S",0,0,0,0,6.46266082498387e-10
"113",11.2,0,0,0,0.000237634701843366,0,2.61046958353826e-06,"S",0,0,0,0,8.1344373889752e-08
"114",11.3,0,0,0,0.000318657280349116,0,4.24813190127941e-05,"S",0,0,0,0,1.32375275272228e-06
"115",11.4,0,0,0,0.000424764825089102,0,0.000211086729131953,"S",0,0,0,0,6.57763565833278e-06
"116",11.5,0,0,0,0.000563166280930469,0,0.000637791181989774,"S",0,0,0,0,1.98740964838377e-05
"117",11.6,0,0,0,0.00074833431507909,0,0.00151672620642743,"S",0,0,0,0,4.72624329362196e-05
"118",11.7,0,0,0,0.000985806234174575,0,0.00297405482169784,"S",0,0,0,0,9.26739882013504e-05
"119",11.8,0,0,0,0.0012925381574229,0,0.00528627817104814,"S",0,0,0,0,0.000164724764748316
"120",11.9,0,0,0,0.00168300052989419,0,0.00866182347959931,"S",0,0,0,0,0.000269909525908572
"121",12,0,0,0,0.00218057701161991,0,0.0134048727242109,"S",0,0,0,0,0.000417706831636319
"122",12.1,0,0,0,0.00281124863941976,0,0.0199852795965889,"S",0,0,0,0,0.000622757708439829
"123",12.2,0,0,0,0.0036120747240495,0,0.0283791743688364,"S",0,0,0,0,0.000884318356014764
"124",12.3,0,0,0,0.00460248456542087,0,0.0389817766373536,"S",0,0,0,0,0.00121470414122878
"125",12.4,0,0,0,0.00583333927578743,0,0.0522741062476997,"S",0,0,0,0,0.00162890403710509
"126",12.5,0,0,0,0.00735556981882914,0,0.0692679737282883,"S",0,0,0,0,0.00215844688981293
"127",12.6,0,0,0,0.00922043215020564,0,0.0900583797425605,"S",0,0,0,0,0.00280629299796503
"128",12.7,0,0,0,0.0115135201338177,4.72185882509778e-12,0.11711004361729,"S",0,0,0,1.47136994870774e-13,0.00364924503787478
"129",12.8,0,0,0,0.0143148762212803,4.6422262330198e-06,0.144211500523505,"S",0,0,0,1.44655577969903e-07,0.00449374866949651
"130",12.9,0,0,0,0.0177267526422582,0.000113004490367165,0.179771354819536,"S",0,0,0,3.52131263034608e-06,0.0056018229031755
"131",13,0,0,0,0.0218449088223201,0.000661301998470432,0.222645671028592,"S",0,0,0,2.06067128139862e-05,0.00693782177095384
"132",13.1,0,0,0,0.0268176096473773,0.00209900984503267,0.265459912158311,"S",0,0,0,6.54068688290104e-05,0.00827194864997358
"133",13.2,0,0,0,0.0327601065551339,0.00471163260549556,0.317911212255289,"S",0,0,0,0.000146818337478231,0.00990637419279455
"134",13.3,0,0,0,0.0398241564486299,0.00878415563192272,0.375684600307568,"S",0,0,0,0.000273721496138023,0.01170664036262
"135",13.4,0,0,0,0.0481758241131925,0.0153160123140466,0.440934080060468,"S",0,0,0,0.000477259509181939,0.0137398676833298
"136",13.5,0,0,5.78269384388665e-48,0.0580276695254523,0.0242582771270782,0.519310178905576,"S",0,0,1.80193484380505e-49,0.000755907817118356,0.0161821312242193
"137",13.6,0,0,6.4010002158568e-06,0.0695823667993481,0.0356553361465711,0.601588050194454,"S",0,0,1.99460418198513e-07,0.00111104952647649,0.0187459771955268
"138",13.7,0,0,0.000324991206722378,0.083079330483642,0.0498657895528514,0.698464130264969,"S",0,0,1.01269926289181e-05,0.00155385891307605,0.0217647153290501
"139",13.8,0,0,0.00174008910071427,0.0988512411124562,0.0685725245710471,0.795130062717803,"S",0,0,5.42226039723207e-05,0.00213677612351683,0.0247769050903983
"140",13.9,0,0,0.00475103643194372,0.117147537224642,0.0912151967946299,0.910021094179005,"S",0,0,0.00014804619303782,0.00284234036637682,0.0283570038889799
"141",14,0,0,0.0100861475833808,0.138245595745134,0.118135735633435,1.03273514392742,"S",0,0,0.000314292633518332,0.00368120644259028,0.0321808743555076
"142",14.1,0,0,0.0182346195623503,0.162402155895181,0.150289230586655,1.17006635854584,"S",0,0,0.000568205705506345,0.00468313572452122,0.0364602276715163
"143",14.2,0,0,0.0290365812927363,0.190016782251121,0.187670065764692,1.30900676530737,"S",0,0,0.000904803695109557,0.00584795321644234,0.0407897247349087
"144",14.3,0,0,0.0438290969490078,0.22148759868371,0.229841454794163,1.46714682086072,"S",0,0,0.00136575061895106,0.00716204829661326,0.0457174986063217
"145",14.4,0,1.76200628517544e-05,0.0624640919297353,0.256997408938761,0.280648733083546,1.62485049130322,"S",0,5.49055614213033e-07,0.00194643235096777,0.0087452447711305,0.050631674359664
"146",14.5,0,0.000940354201537795,0.0849190683146277,0.296967322884077,0.335902492530488,1.80154318183114,"S",0,2.93022083999963e-05,0.00264614783750582,0.0104669972464742,0.0561375635577323
"147",14.6,0,0.00409989231809709,0.112539516105797,0.341831311798145,0.398084618230866,2.01194389113409,"S",0,0.000127756008242386,0.00350682365089032,0.0124046432984061,0.0626938222753729
"148",14.7,0,0.0105004424584496,0.145182755107108,0.392008622626095,0.468505163068972,2.22349163477056,"S",0,0.000327202401718938,0.00452401375915279,0.0145990052495868,0.0692858235238891
"149",14.8,0,0.0207371857803169,0.182807768310105,0.447951091980483,0.543223846856377,2.4765357898741,"S",0,0.000646187721999415,0.00569644003865883,0.0169273007366825,0.0771708869979708
"150",14.9,0,0.0349448680984978,0.22495685034132,0.510057143179705,0.625879282915244,2.72362674474107,"S",0,0.00108891075922035,0.00700984001446312,0.0195029119359825,0.0848704438685901
"151",15,0,0.0527517132148173,0.276067288975362,0.578611635665262,0.719427248003147,2.98607550475025,"S",0,0.00164378666203608,0.008602483214037,0.0224179432762143,0.0930485625472044
"152",15.1,0,0.0752762104754165,0.329855416203447,0.654162178993334,0.822787200997476,3.25726853286479,"S",0,0.00234566847609707,0.0102785653870154,0.025638724209506,0.101499159793905
"153",15.2,0,0.101858565533267,0.393130124862012,0.737053478143288,0.933461196611215,3.56226469987579,"S",0,0.00317399646824517,0.0122502572202952,0.0290874167113639,0.111003090581199
"154",15.3,0,0.134037585183474,0.461570807010686,0.827652579210076,1.05528311482463,3.90526191475534,"S",0,0.00417672112067503,0.0143829250257654,0.0328834876273435,0.121691165196682
"155",15.4,0,0.172269999957709,0.540634749853149,0.926426070087347,1.18664030054462,4.24528277237212,"S",0,0.00536807453146181,0.0168466223499296,0.0369766853016983,0.132286494078011
"156",15.5,0,0.214630586784218,0.628141862587882,1.03374943240749,1.33358799652087,4.59008805844445,"S",0,0.00668806517020903,0.0195734157748347,0.0415556960663164,0.143030909675228
"157",15.6,0,0.26355150816034,0.724159376713553,1.14993175503481,1.49422915695801,4.95814846770643,"S",0,0.00821248121571477,0.0225654002891368,0.0465614064178505,0.154499973989872
"158",15.7,0,0.318614475452807,0.828365127645892,1.27558726889312,1.65860576445756,5.31882802745211,"S",0,0.00992828845099643,0.0258125369800816,0.0516835163644635,0.165739044978233
"159",15.8,0,0.380122591195065,0.942687541630246,1.41101266273007,1.84100920863697,5.73143060859132,"S",0,0.0118449317996658,0.0293749171915828,0.0573673573314965,0.178596079911608
"160",15.9,0,0.451370681997453,1.06147243163903,1.55667744119597,2.03490574645907,6.16279529006876,"S",0,0.0140650807620241,0.0330763518170846,0.0634093325255346,0.192037757284219
"161",16,0,0.525401992286635,1.2002182734635,1.71300643842859,2.23567698456966,6.60217061853437,"S",0,0.0163719571269842,0.0373997860774143,0.0696655290206649,0.205729052989031
"162",16.1,0,0.614035708214763,1.33854717217218,1.88018617308179,2.45715751777694,7.0837197822988,"S",0,0.0191338564316769,0.0417102280481898,0.0765670441412109,0.220734520001773
"163",16.2,0,0.703135938954135,1.48719464157921,2.05848927584219,2.68668775320255,7.65204258496153,"S",0,0.0219102927206234,0.0463422051474296,0.0837193945869713,0.238443924792925
"164",16.3,0,0.804254625571419,1.64571439269862,2.24835952787225,2.94122721619656,8.21694025491092,"S",0,0.0250612339548393,0.0512818106441885,0.0916510530816919,0.256046599638701
"165",16.4,0,0.912112069603071,1.8163054668599,2.45005083754127,3.20026002243637,8.80662737988494,"S",0,0.0284221603986601,0.0565975684704188,0.0997227278383552,0.27442173424067
"166",16.5,0,1.03246239058708,2.00187221501684,2.66385239974575,3.48611381427385,9.396811135092,"S",0,0.0321723751376519,0.0623799805846117,0.108630166510563,0.292812344248142
"167",16.6,0,1.16159671751983,2.19589148362137,2.89010149902656,3.77498739301117,10.0511346972092,"S",0,0.0361963067085308,0.0684257801705205,0.117631704220047,0.313201603260151
"168",16.7,3.60128897055801e-08,1.29196439825619,2.4002763935127,3.12909614134972,4.08718103074435,10.6704839155836,"S",1.12219118871728e-09,0.0402586705957916,0.0747945816430468,0.127359914099952,0.332501033027685
"169",16.8,0.000356141559134617,1.43983887746408,2.61805910922152,3.38108918518625,4.41205823382651,11.3307557084698,"S",1.10976631662795e-05,0.0448665606862537,0.0815808697365983,0.137483354281911,0.35307564379047
"170",16.9,0.00519468614206222,1.59268774223037,2.85159559119188,3.64623355062151,4.74725659273376,11.9825434949023,"S",0.0001618706819817,0.049629456711773,0.088858058111475,0.147928410147004,0.373385885951758
"171",17,0.0186785702401243,1.74750852147677,3.09068764710426,3.92489043813182,5.10352570721466,12.6754965017412,"S",0.000582039572849288,0.0544537992102794,0.096308362728258,0.159030048042522,0.394978870153448
"172",17.1,0.0456110143714482,1.91722885501556,3.34353928929295,4.21709240704649,5.46543159348195,13.4358001512902,"S",0.00142127662774492,0.0597424240443449,0.104187427341973,0.170307332371392,0.418670555637416
"173",17.2,0.0844512153474601,2.08657552149,3.60576553570354,4.52316248808794,5.84635206284611,14.1914548208395,"S",0.00263156915521559,0.0650194051061233,0.112358612314301,0.182177126709397,0.442217375090507
"174",17.3,0.121743395718347,2.27806888583944,3.87854957205555,4.84286480474992,6.23822320424505,15.0070197174525,"S",0.00379362409061224,0.0709864954431554,0.120858786682967,0.194388152972095,0.467631046370109
"175",17.4,0.172274934458478,2.48166993117716,4.16390543528637,5.17646522138619,6.65214704237111,15.9284370044998,"S",0.00536822829455412,0.0773308710530973,0.129750709491284,0.207286359357159,0.496343164978466
"176",17.5,0.2336624218011,2.68645901769528,4.46838635385561,5.52429643773245,7.07965145853963,16.7850663036056,"S",0.00728111276332558,0.083712267000907,0.139238584714415,0.220607747695726,0.523036436729567
"177",17.6,0.309195226514157,2.90480353765161,4.78529163969622,5.88637011232681,7.5207841472247,17.6635552227049,"S",0.00963477692638113,0.0905160613757231,0.149113613414852,0.23435380418674,0.550410872173617
"178",17.7,0.390045949604864,3.1213723672182,5.11401584256494,6.26263866382944,7.98696874384586,18.6854591951179,"S",0.0121541517889808,0.097264523781193,0.159356929266294,0.248880498681987,0.582254238338685
"179",17.8,0.481016746536327,3.34795232454928,5.4454209581417,6.65307299536219,8.46741454040063,19.7007765966309,"S",0.0149888764551122,0.104324941141077,0.169683784557177,0.263851583867258,0.613892361550793
"180",17.9,0.592961993805784,3.5868340972353,5.79461760914945,7.05773045967198,8.96973020983495,20.6506199610864,"S",0.0184771822015154,0.111768693160007,0.180565038688521,0.279504152233814,0.643490260052353
"181",18,0.69160116359124,3.83453782692321,6.15927602600779,7.47635976387235,9.48060785088041,21.7835392406717,"S",0.0215508596570203,0.119487344596776,0.191928094128824,0.295423518660137,0.678792954267462
"182",18.1,0.80749031253005,4.10089666152472,6.54325149222861,7.90886990895007,10.0030456043875,22.7710476252981,"S",0.0251620606150742,0.127787304407569,0.203893084675247,0.311703107674847,0.709564525698468
"183",18.2,0.901358379138331,4.36163581754391,6.94095471795387,8.3551400617655,10.560526059004,23.980723392624,"S",0.0280870665812968,0.135912150423271,0.216285843470278,0.329074656005659,0.747259015043696
"184",18.3,1.03700633267907,4.63027381257486,7.35013348380993,8.81508659273528,11.1488227042555,25.1087588618223,"S",0.0323139681011536,0.144283130742901,0.229036189510483,0.347406462118704,0.782409525720399
"185",18.4,1.16779683326797,4.92217778507683,7.76084617265174,9.28845578843026,11.7422911560624,26.3502670067444,"S",0.0363895074019069,0.153379098008269,0.241834333849377,0.365899425967042,0.821095938067266
"186",18.5,1.27331441348023,5.21294258919194,8.17853486195312,9.7750743010171,12.3309255094613,27.6008000515588,"S",0.0396775217694575,0.162439567852113,0.254849856085801,0.384241755343019,0.860063573698936
"187",18.6,1.40669960446365,5.50266535092071,8.61654327071203,10.2749172484307,12.9219353549759,28.9665151879308,"S",0.0438339137516254,0.171467566800293,0.268498557451112,0.402658107002212,0.902620377800579
"188",18.7,1.54176427039129,5.79261274867493,9.05122488160289,10.7874882357556,13.5534325865221,30.2716895430043,"S",0.0480426395509203,0.180502565591319,0.282043593065501,0.42233607882658,0.943290681488437
"189",18.8,1.70245886288289,6.09301208235112,9.48399111491985,11.3130762419203,14.2373393261971,31.6337538457933,"S",0.053050014889108,0.189863255280593,0.295528943943284,0.443647173921755,0.985733722620436
"190",18.9,1.84335245587445,6.40152252736298,9.94792142472273,11.8505411714356,14.9068847611212,33.0506188790802,"S",0.05744037483785,0.199476693853557,0.309985393011824,0.464510758978669,1.02988439947406
"191",19,1.99379711116986,6.72704809049258,10.4257058482448,12.3995013642033,15.6242995022753,34.3659472010268,"S",0.0621283537238087,0.209620337466518,0.324873547629967,0.486865990890378,1.07087110910014
"192",19.1,2.15880128818074,7.05985926908841,10.9206485173804,12.9597664328201,16.3231266802927,35.7883392441231,"S",0.067270019251262,0.21999100683463,0.340296367258301,0.508642019085244,1.11519401211386
"193",19.2,2.31138000438001,7.38843597196662,11.4204264338794,13.5311993577273,17.0227773066164,37.2817856574589,"S",0.0720244972257991,0.230229726465356,0.355869857161383,0.530443706604903,1.16173102759827
"194",19.3,2.47279862576731,7.71957098933992,11.9177088011379,14.113020827598,17.7294485922722,38.8328341071813,"S",0.0770544338983802,0.240548165274628,0.371365583702747,0.552464163629199,1.21006296979402
"195",19.4,2.65595045197816,8.07285716468935,12.4110468194578,14.7048183546941,18.472317490922,40.3457802336472,"S",0.0827615950634963,0.251556852339563,0.386738401095182,0.57561256797143,1.25720761233741
"196",19.5,2.84695470649383,8.41164956244574,12.8981476790851,15.3063577916525,19.2133721587676,41.8771168429318,"S",0.0887134443368355,0.262113901403796,0.401916863505703,0.59870443939338,1.30492531741324
"197",19.6,3.01343791214384,8.77603652764198,13.4078062076846,15.9164836358566,19.9575888243608,43.7661991383912,"S",0.0939011976101004,0.273468498187605,0.417798241388033,0.621894841259294,1.36379067156998
"198",19.7,3.13475758156265,9.13732733253599,13.9469189536344,16.5349574094651,20.7012146681334,45.3899079168862,"S",0.0976816180415878,0.284726616076262,0.434597436847659,0.645066832632559,1.41438676922186
"199",19.8,3.2550766217426,9.48810101912149,14.4717525108815,17.1610467987072,21.4753440837711,47.2051527456877,"S",0.101430858045062,0.295657011930032,0.450951681072461,0.669189340330711,1.47095128734022
"200",19.9,3.41423898333455,9.84691958773923,15.0097384214078,17.7941420809905,22.2553651938938,49.0295197810586,"S",0.106390487811352,0.306838092908062,0.467715763415819,0.693495438062643,1.52780006089926
"201",20,3.56739705027158,10.2026895400652,15.5303741459152,18.4344896472464,23.0502337733553,50.8106282984202,"S",0.111163018830186,0.317924176501314,0.483939199728489,0.71826419512025,1.58330086354723
"202",20.1,3.72961326489676,10.5734169937597,16.0761867355509,19.0803512319605,23.8790362770494,52.5739337855587,"S",0.116217809162416,0.329476348108556,0.500947167814018,0.744090361096823,1.63824690916759
"203",20.2,3.87073440888265,10.9461751621748,16.6167405471579,19.7310229218311,24.7106364708686,54.291230537438,"S",0.120615259786828,0.341091798452519,0.517791268061793,0.770003705392962,1.69175928485104
"204",20.3,4.02266097354894,11.3037073563301,17.1861278915126,20.3858602049183,25.5637112959786,56.0605597088972,"S",0.125349416184563,0.352232794946939,0.535533844845431,0.796586216818216,1.74689303341675
"205",20.4,4.18852508739238,11.6805186409716,17.7437566707111,21.0441519309005,26.4253045702751,57.6851983402022,"S",0.130517878049223,0.363974543717755,0.552910015091907,0.823434170108778,1.79751810604506
"206",20.5,4.321764837739,12.0544331996894,18.2744856542446,21.7051012506511,27.2125775959168,59.5333544306184,"S",0.134669737981826,0.375626028132269,0.569447965636486,0.847966243477858,1.85510816607619
"207",20.6,4.46357535769673,12.3954486596989,18.7907591756722,22.3679323314538,28.0348924643554,61.3031278423053,"S",0.139088670127094,0.386252349640142,0.585535472122371,0.873590249417322,1.91025575753186
"208",20.7,4.61936278896683,12.7643014837751,19.3226785584812,23.0318096241796,28.887777050898,63.1826467741434,"S",0.143943134295715,0.397746106250506,0.602110516484994,0.900166832852739,1.96882310943223
"209",20.8,4.76569600780021,13.1246751981861,19.8732315608671,23.695889378364,29.7429376816762,64.976244007178,"S",0.148502997448435,0.408975646847316,0.619266199720923,0.926814339693838,2.02471307070649
"210",20.9,4.89306152532527,13.444158073216,20.4571309110444,24.3593191399531,30.5674743223748,66.9601114547973,"S",0.152471811467014,0.418930995341583,0.637460982511851,0.952507577879699,2.08653200796763
"211",21,5.02479105224725,13.7453521407314,20.9993994883729,25.0212379613622,31.3501741266895,68.9849297948667,"S",0.156576611598697,0.428316449589297,0.654358516266327,0.976897145920295,2.14962700863421
"212",21.1,5.13716597856839,14.0892490566008,21.5387582641864,25.6807570735377,32.1900660865975,70.8408886119407,"S",0.160078306496865,0.439032559625752,0.671165378218356,1.00306886845044,2.20746020802947
"213",21.2,5.30648551317872,14.4217538115752,22.05998867718,26.3369716097665,33.0795880400468,72.8636486818687,"S",0.165354442107498,0.449393680582426,0.687407345512143,1.03078710229649,2.27049107130981
"214",21.3,5.39426648542218,14.749290276215,22.5963631481664,26.9889655195682,33.9304266206464,74.8546763331182,"S",0.168089769219374,0.459599985536216,0.704121214077392,1.05729993050816,2.3325331263904
"215",21.4,5.48571604125551,15.0467728049809,23.1225895853977,27.6357879292515,34.7516178949992,77.0516838370423,"S",0.170939412405668,0.468869785191497,0.720518861585237,1.08288892433409,2.40099368266915
"216",21.5,5.55947223758075,15.3741025258562,23.6570746137701,28.2765291838099,35.4777028842607,79.3729024645268,"S",0.173237715993804,0.479069647839971,0.73717385356851,1.10551432829002,2.47332475946264
"217",21.6,5.66389906687477,15.6616506281416,24.165022723021,28.9102469253945,36.3081470794112,81.5038996281633,"S",0.176491741667875,0.488029882615773,0.753001933380683,1.13139165071925,2.5397283793822
"218",21.7,5.71774663651992,15.9157419654472,24.6767877040802,29.5359956318538,37.0872333053938,83.5495705705793,"S",0.178169676115336,0.495947577146394,0.768948950049819,1.15566861669438,2.60347316424567
"219",21.8,5.7244089506843,16.1711679376041,25.1879689693572,30.1528124205956,37.8509095123416,85.6181095060991,"S",0.178377279290557,0.503906859993936,0.784877777656296,1.17946539383379,2.66793053453549
"220",21.9,5.75552697863413,16.4220105855774,25.6321357080145,30.7597719068518,38.6291919837468,88.1957142867159,"S",0.17934694257115,0.511723322699689,0.798718377633623,1.20371731415688,2.74825081420345
"221",22,5.86194474841956,16.659324762838,26.0787186369147,31.3559263716516,39.3325514457953,90.0312029760994,"S",0.182663007584329,0.519118227159087,0.812634268081194,1.22563457204051,2.8054461476259
"222",22.1,5.94844651865656,16.8850568882525,26.527844687724,31.9403263370843,40.081688552932,92.0821253945048,"S",0.185358473712207,0.526152225380875,0.82662940429387,1.24897829890172,2.86935457278959
"223",22.2,5.9304509785745,17.1462567968395,26.9570061823493,32.512033237369,40.7871427475498,93.8335740340352,"S",0.184797717919451,0.534291428824601,0.840002428556642,1.27096083037075,2.92393114931095
"224",22.3,5.952944752281,17.3993894864207,27.3730441581703,33.0701342807305,41.4973958626058,95.8036286607826,"S",0.18549864236236,0.542179251105642,0.852966513206749,1.29309290013774,2.98531966774148
"225",22.4,5.88431319661758,17.6102798860368,27.7847619722305,33.6136974842615,42.181661104037,97.414788195898,"S",0.183360026781575,0.548750768975189,0.865795978072064,1.31441516644176,3.03552472067407
"226",22.5,5.89207101256009,17.8413056636831,28.1868702622641,34.1417841858221,42.8621286442577,99.0889427824336,"S",0.183601766690967,0.55594972174351,0.878326002284921,1.33561909326037,3.08769275109096
"227",22.6,5.91237247744143,18.0605412065424,28.5198800950285,34.6535378464028,43.4780805976998,101.420640159197,"S",0.184234376992283,0.56278128112299,0.888702861879905,1.35481266146545,3.16035035430889
"228",22.7,5.84824418797509,18.2159765444532,28.9262521368915,35.1480838050409,44.1461639518161,103.090032205073,"S",0.182236086880743,0.567624773773672,0.901365748097812,1.37563068688488,3.21236998005156
"229",22.8,5.81392212114413,18.372072576359,29.2615155624587,35.6245874754719,44.8241224489029,104.492371537028,"S",0.181166583119974,0.572488854191282,0.91181283149341,1.39675642986098,3.25606802413459
"230",22.9,5.75135192146095,18.4855082032793,29.5993988833151,36.0822052532711,45.3924937273922,105.873519553783,"S",0.179216844364357,0.576023601390334,0.922341552975618,1.41446734519866,3.29910572945033
"231",23,5.61381118636007,18.6128391643894,29.9554752809404,36.520126942736,45.9977733133203,108.068274232158,"S",0.174930962218221,0.579991338602672,0.933437185655809,1.43332835367624,3.36749608583671
"232",23.1,5.52647811631588,18.7237499181063,30.2450665398644,36.9375493475256,46.5209297145505,110.150098806596,"S",0.17220959210634,0.583447408681265,0.942461086868703,1.44963033634359,3.43236744753495
"233",23.2,5.45887004765779,18.8018940042166,30.5265733168668,37.3337110807571,47.0594456343941,111.900344353063,"S",0.170102869220325,0.58588244251499,0.951233068992297,1.4664109342121,3.48690653468943
"234",23.3,5.32810766094457,18.8922892394336,30.864641275092,37.7078633795312,47.5750983311893,113.663511046099,"S",0.166028205971002,0.588699232205898,0.961767543926398,1.48247909529311,3.54184825537168
"235",23.4,5.20839924807782,18.9309102612333,31.1346810702441,38.0592964756971,47.997300501807,114.759691798761,"S",0.162297993615575,0.589902694930418,0.970182205487859,1.49563526131028,3.57600614694706
"236",23.5,5.11588947639469,18.9219511880479,31.3546197529706,38.3873522374677,48.4220492025744,116.036863082622,"S",0.159415313233585,0.589623522859808,0.977035675282469,1.50887077929612,3.61580385196181
"237",23.6,4.95718529941609,18.9216734022476,31.5232973192867,38.6913617759188,48.9288229851004,117.623028787692,"S",0.154469960875748,0.589614866826373,0.982291806634374,1.52466226612411,3.66523007664489
"238",23.7,4.68306514815055,18.9498123358538,31.6460501954404,38.970669986796,49.3420984219462,119.227655385505,"S",0.145928152070209,0.590491699083127,0.986116886963542,1.53754026779332,3.71523155789142
"239",23.8,4.45517309373096,18.9402185692416,31.7689848427113,39.2245749097918,49.8182398938773,121.06972491743,"S",0.138826848688583,0.590192749444625,0.989947631429853,1.55237722669199,3.77263195576649
"240",23.9,4.26974999039079,18.9206144086923,31.9208017919854,39.4520615877931,50.179052588667,122.332290122837,"S",0.133048912664729,0.589581867718377,0.994678372122038,1.56362044627755,3.81197452339356
"241",24,4.03377634918127,18.8444527811465,31.9926773915527,39.6499278517776,50.5985746165842,123.264367858797,"S",0.12569578040848,0.587208608919957,0.996918074772328,1.57669309684934,3.84101883033603
"242",24.1,3.77261228522146,18.77654106619,32.0915812453888,39.8253986124106,50.89064455325,124.365627218322,"S",0.117557693912747,0.585092424166167,1,1.58579423569421,3.87533497546781
"243",24.2,3.51807354585418,18.6814667434725,32.0623920289324,39.9736717042062,51.1999827305558,125.596257336121,"S",0.109626057966829,0.582129830269951,0.999090440067968,1.59543346708454,3.91368241956502
"244",24.3,3.28565590197595,18.576214858161,32.0813845636455,40.0943281509634,51.3805991774924,126.637066593952,"S",0.102383733504813,0.578850095173488,0.999682263031374,1.60106162375141,3.94611488993389
"245",24.4,3.08470426814206,18.4013329296086,32.0547850495172,40.1869191926945,51.5709591798474,127.743706370483,"S",0.0961219157309458,0.57340063080415,0.998853400348516,1.60699339759887,3.98059869327376
"246",24.5,2.80063934429849,18.3284758674426,31.9656320265575,40.2505094836249,51.675378235826,128.27750512619,"S",0.0872702196530412,0.571130344974081,0.996075319010671,1.61024718105005,3.99723230043775
"247",24.6,2.50498367556224,18.1424713338456,31.9231653346117,40.2847345972827,51.7512813305386,128.959896290244,"S",0.0780573464550668,0.565334291106409,0.994752022049356,1.61261238375329,4.01849616895316
"248",24.7,2.16025027651252,17.9912146470533,31.7777469032941,40.2885315713045,51.8346472348152,129.834832883502,"S",0.067315170916451,0.560621008652805,0.990220664426134,1.61521013372513,4.04575991100963
"249",24.8,1.86778819904102,17.7719060014917,31.6880079402914,40.2596686271258,51.8801979766395,130.403923270182,"S",0.0582018126423546,0.553787171333145,0.987424324715838,1.61662953221086,4.06349323434849
"250",24.9,1.53843267895788,17.5250356272365,31.5074514027161,40.206985666277,51.9141633115774,131.251012575728,"S",0.0479388244285698,0.546094487935358,0.981798034873815,1.61768791991317,4.08988923207352
"251",25,1.20872501305151,17.2596568974327,31.3479584254622,40.122991212928,51.895366112808,131.956576274231,"S",0.0376648630620278,0.537825068994155,0.976828102852258,1.61710218377802,4.11187517577345
"252",25.1,1.00339062625782,17.0167128595157,31.167469327333,40.0120038549743,51.8316279706082,131.959808128115,"S",0.0312664751102597,0.530254733457886,0.971203914478705,1.61511605097539,4.11197588299195
"253",25.2,0.733917813848639,16.7575941953904,30.9143090156631,39.8633004863408,51.7578040320839,132.452786518008,"S",0.0228694811962279,0.522180383299073,0.963315231470721,1.61281563648476,4.12733749406754
"254",25.3,0.511316886941402,16.4617838793053,30.6714213724537,39.6942966553809,51.687351282293,132.691421355733,"S",0.0159330536888042,0.512962691162832,0.955746653239808,1.61062027100082,4.1347735513905
"255",25.4,0.280561346895748,16.1644814488153,30.3889800039009,39.493789084959,51.5017489046485,133.310850347449,"S",0.00874252174582584,0.503698503517585,0.946945548476752,1.60483674864257,4.15407546696081
"256",25.5,0.0937551942289474,15.858330369594,30.1114094331609,39.2636086489029,51.3749172152601,133.485269316404,"S",0.00292148877028049,0.494158584718312,0.938296221769614,1.60088456914669,4.15951050512928
"257",25.6,0.0150309225125531,15.5400027667501,29.7384768679775,39.002447646579,51.1676489612105,133.492205352347,"S",0.000468375877075638,0.484239235453163,0.926675337079274,1.59442592030465,4.15972663769968
"258",25.7,9.67589424129545e-07,15.1302697162926,29.3276257474114,38.6948002519492,50.8808224361521,133.582661623647,"S",3.01508802801226e-08,0.471471617450034,0.91387287909428,1.58548817046723,4.162545329325
"259",25.8,0,14.7047220078889,28.9490447362351,38.3653296196487,50.4976905816987,133.523761411785,"S",0,0.458211201730729,0.902075984192732,1.5735494675556,4.16070995040081
"260",25.9,0,14.2785999425531,28.5414788744378,38.0155248191141,50.2091690296888,133.417338592457,"S",0,0.444932888578208,0.889375897566246,1.56455889928775,4.15739372803972
"261",26,0,13.8869067877008,28.1243615108047,37.6423497494373,49.8179327926109,133.153632153251,"S",0,0.432727408522328,0.87637817830637,1.55236765716458,4.14917641904552
"262",26.1,0,13.4758801659222,27.6360653925756,37.2463398407016,49.384497048259,133.009252985787,"S",0,0.41991948177557,0.86116247065721,1.53886144377367,4.14467744573662
"263",26.2,0,12.9756730296825,27.1335345024956,36.8106364025217,48.9435031397786,132.529552788032,"S",0,0.404332617033228,0.845503195838764,1.52511971178769,4.12972959402164
"264",26.3,0,12.5715191622848,26.5825615864959,36.3401697114717,48.4445426997332,132.601556894858,"S",0,0.391738850951483,0.828334427750128,1.50957169512157,4.13197330106355
"265",26.4,0,12.0816937479093,26.0546086334935,35.8382694997443,47.9046190546444,131.498730883897,"S",0,0.376475489179746,0.811882980594398,1.4927472313795,4.0976083377877
"266",26.5,0,11.5190544928527,25.4678495971528,35.2975002130408,47.2329207743037,130.519049096276,"S",0,0.358943188394865,0.793599087636489,1.47181656189318,4.06708064954046
"267",26.6,0,10.9687664156604,24.892336656148,34.7538594537775,46.6045903355597,129.561683707306,"S",0,0.34179576044532,0.775665632235706,1.45223726993061,4.03724835858385
"268",26.7,0,10.3729203286982,24.2554396946363,34.1855850262217,45.9418987505745,129.284755531494,"S",0,0.323228707534899,0.755819400395596,1.43158725646079,4.02861904942971
"269",26.8,0,9.82392704457288,23.6832025247672,33.5890349503952,45.2913986321651,128.560005910911,"S",0,0.306121626399586,0.737988020710891,1.41131713909152,4.00603525665734
"270",26.9,0,9.29356569859224,23.035938455953,32.9801037763872,44.4990692875814,127.737617090729,"S",0,0.289595131742772,0.717818741301911,1.38662750667593,3.9804089463209
"271",27,0,8.79373856171963,22.3250716584567,32.3762518988909,43.768931098436,126.847162196431,"S",0,0.274020108092467,0.695667548686606,1.36387580168631,3.9526616412726
"272",27.1,0,8.17191885148314,21.6886507415283,31.7461778457129,42.8776811391204,125.810564983326,"S",0,0.254643695771687,0.675836150786268,1.33610372175978,3.920360421673
"273",27.2,0,7.5882906611893,21.1122218349503,31.1101000043249,42.1226557832242,125.144997824832,"S",0,0.23645736254519,0.657874153146752,1.31257651223642,3.89962080297348
"274",27.3,0,6.97719351962751,20.4269227927739,30.4530397263063,41.3207406396967,124.074124446541,"S",0,0.217415074261262,0.636519672763369,1.28758817846142,3.86625150994607
"275",27.4,0,6.39196630068878,19.7059572054916,29.7830821930707,40.4324511144047,122.503303847994,"S",0,0.199178913990324,0.614053793573138,1.25990834808785,3.81730345137158
"276",27.5,0,5.82283134677453,19.0190569570443,29.1005813618,39.4902862080053,120.914497300516,"S",0,0.181444201899874,0.592649418288704,1.23054971663884,3.76779493587249
"277",27.6,0,5.209071981566,18.3033043453052,28.3770647813476,38.5364348011341,119.890472911577,"S",0,0.162318956542987,0.570345979693201,1.20082692424735,3.73588549578884
"278",27.7,0,4.6102696060986,17.5049654690637,27.636039224551,37.6831681914342,117.937461763543,"S",0,0.143659783257363,0.545469085340847,1.17423843665693,3.67502806613773
"279",27.8,0,3.98957830269371,16.758287042208,26.8988224363887,36.6883692865883,116.889293725687,"S",0,0.124318533019216,0.522201972974329,1.14323968663464,3.64236629014604
"280",27.9,0,3.45648961146312,15.9773390441777,26.1460442651766,35.727100309809,115.615664193724,"S",0,0.10770705204686,0.497866992654762,1.11328575667934,3.60267894902614
"281",28,0,2.87170482009204,15.1867193840793,25.3842166064396,34.8097537263495,113.790067073901,"S",0,0.0894846781819039,0.473230635410385,1.08470048453444,3.54579184502637
"282",28.1,0,2.33798403214574,14.3756844967215,24.6327921637358,33.6914242861122,112.47251250074,"S",0,0.0728535005573052,0.447958122935658,1.04985242168313,3.504735763586
"283",28.2,0,1.83625802127138,13.6044554114211,23.8863178559958,32.7298052572357,110.236840251874,"S",0,0.0572193064352424,0.423925991910292,1.01988758381729,3.43507038213376
"284",28.3,0,1.32827965077509,12.7690176623846,23.0978426246285,31.6743406095122,108.527154846894,"S",0,0.0413902836578348,0.397893066245197,0.986998439475881,3.38179518226415
"285",28.4,0,0.916076441546079,11.976978705997,22.319515990362,30.7368464277551,106.582763633026,"S",0,0.0285456934808318,0.373212482564036,0.957785351638654,3.32120635683355
"286",28.5,0,0.544236233271895,11.10357879695,21.5360245955259,29.6560439469265,104.316564240424,"S",0,0.0169588475279664,0.345996624848314,0.924106659630172,3.25058972453758
"287",28.6,0,0.261697012840505,10.2712615381594,20.7580531098778,28.5122456767892,101.973803906695,"S",0,0.00815469362009414,0.32006093621938,0.888464967144182,3.17758739050442
"288",28.7,0,0.0714626309175649,9.49716705134894,20.0023350891568,27.4172946671983,99.5364609985551,"S",0,0.00222683420835903,0.295939516932142,0.854345395371811,3.10163778585567
"289",28.8,0,0.00128394374960863,8.78354239105452,19.252068190119,26.3621076972903,97.5147254069438,"S",0,4.00087406036785e-05,0.273702387049458,0.821464903698949,3.03863884616018
"290",28.9,0,0,8.02219650109543,18.5109635401843,25.1919520136572,94.7844520459917,"S",0,0,0.249978224499241,0.785001892584432,2.95356128827747
"291",29,0,0,7.30418567286451,17.7699122835698,24.0659649585766,92.4251730255524,"S",0,0,0.227604418025181,0.749915212172184,2.88004421841423
"292",29.1,0,0,6.56993357629506,17.0589981949675,22.9429547408386,90.5764832095605,"S",0,0,0.204724520305122,0.714921292453772,2.82243752705627
"293",29.2,0,0,5.91323314766595,16.3524475746424,21.878687858714,88.4127876500588,"S",0,0,0.184261196182585,0.68175786326695,2.75501499829532
"294",29.3,0,0,5.21787968324917,15.6584695099554,20.691436686742,86.312595321159,"S",0,0,0.162593411753399,0.644762142710409,2.68957128229888
"295",29.4,0,0,4.55560514225895,14.9790909577616,19.639199533542,83.8423329127039,"S",0,0,0.141956393716609,0.611973569746237,2.6125958790127
"296",29.5,0,0,3.90257908196618,14.3153939931894,18.591743087322,81.8277711468291,"S",0,0,0.121607565925937,0.579333967533725,2.54982048161266
"297",29.6,0,0,3.32142864522954,13.6531901122061,17.6679122461472,79.3451418563182,"S",0,0,0.103498441533067,0.550546640598643,2.47245971613566
"298",29.7,0,0,2.74407485781927,13.0050353154956,16.5752800941014,76.6165561929589,"S",0,0,0.0855076238480323,0.516499326329801,2.38743474829455
"299",29.8,0,0,2.2344803031933,12.3857796182558,15.5563175326864,74.1066709769392,"S",0,0,0.069628239447203,0.484747616944607,2.30922466581754
"300",29.9,0,0,1.79538107287332,11.7880346065684,14.5826628610456,72.1390898171613,"S",0,0,0.0559455471871239,0.454407738576016,2.24791322264704
"301",30,0,0,1.35495537811129,11.1820306858537,13.6215412368302,69.6595137249196,"S",0,0,0.0422215212067801,0.424458400247495,2.17064759733299
"302",30.1,0,0,0.963447778106754,10.6043784866313,12.6856390836919,67.8872196000532,"S",0,0,0.0300218231921866,0.395294921328151,2.11542145838663
"303",30.2,0,0,0.585738475177746,10.0389329870915,11.754671362297,65.475359700915,"S",0,0,0.0182520914347875,0.36628520335021,2.04026592520501
"304",30.3,0,0,0.326650043188096,9.49102637998177,10.8168211973824,62.7431604987965,"S",0,0,0.0101786833341231,0.33706102278574,1.95512835653158
"305",30.4,0,0,0.136819944106663,8.96085184018051,9.9503573838461,60.3182038483527,"S",0,0,0.0042634217074088,0.310061299496605,1.87956471783452
"306",30.5,0,0,0.0220698773341581,8.45143938562405,9.08356953549779,58.3952622260909,"S",0,0,0.000687715484176377,0.283051479016884,1.81964427927595
"307",30.6,0,0,2.87515321177512e-05,7.97999208780386,8.288880785993,56.1607829962073,"S",0,0,8.95921328958587e-07,0.258288325608263,1.75001607327395
"308",30.7,0,0,0,7.51434063184991,7.52661018167805,53.692762051364,"S",0,0,0,0.234535348200069,1.67311051583284
"309",30.8,0,0,0,7.07468528705026,6.79193932143433,51.7956957060861,"S",0,0,0,0.21164240146036,1.61399637213354
"310",30.9,0,0,0,6.64703320075275,6.08361211400684,49.1779618584488,"S",0,0,0,0.189570344555116,1.53242563781475
"311",31,0,0,0,6.23596672628707,5.41169986411414,47.4907973662824,"S",0,0,0,0.168633007602009,1.47985220806489
"312",31.1,0,0,0,5.84780828013254,4.73726957421605,45.3779601958298,"S",0,0,0,0.147617206456499,1.41401446843166
"313",31.2,0,0,0,5.47555277616752,4.15078297611746,43.1362337724701,"S",0,0,0,0.129341802897727,1.34416043393525
"314",31.3,0,0,0,5.114377031909,3.52836536934368,40.991265301437,"S",0,0,0,0.109946759630321,1.27732145661495
"315",31.4,0,0,0,4.77408491568864,3.00051601954836,39.2534196019251,"S",0,0,0,0.093498540835519,1.22316875886461
"316",31.5,0,0,0,4.45558887301343,2.54531536672078,37.1964951155141,"S",0,0,0,0.0793141150402653,1.15907330433769
"317",31.6,0,0,0,4.13998514953621,2.09251758638037,35.1594351286351,"S",0,0,0,0.0652045647230625,1.0955968439133
"318",31.7,0,0,0,3.83492345839994,1.67951854770218,33.0653892234112,"S",0,0,0,0.0523351758475134,1.03034465552122
"319",31.8,0,0,0,3.54766151648818,1.31305823456654,31.3027644748595,"S",0,0,0,0.0409159718409081,0.975419822273713
"320",31.9,0,0,0,3.26366080824384,0.963128989289004,29.5415621644543,"S",0,0,0,0.0300118894710866,0.920539313365843
"321",32,0,0,0,3.01344969798186,0.629495849906712,27.9007347166967,"S",0,0,0,0.0196156071305201,0.869409783935336
"322",32.1,0,0,0,2.7825135697527,0.406234762939725,25.8967750227527,"S",0,0,0,0.0126586084940298,0.806964755794757
"323",32.2,0,0,0,2.56474462075788,0.215191780960266,24.1615781495832,"S",0,0,0,0.00670555244114645,0.752894597646382
"324",32.3,0,0,0,2.34970965759883,0.0832273917460102,22.7349664474684,"S",0,0,0,0.00259343380775197,0.708440206595777
"325",32.4,0,0,0,2.15494361466833,0.00901427423526428,21.3111717602421,"S",0,0,0,0.00028089218061075,0.664073596040216
"326",32.5,0,0,0,1.97149895997769,4.85186822965296e-08,19.6704492079115,"S",0,0,0,1.51188194578294e-09,0.612947335237273
"327",32.6,0,0,0,1.80578845837018,0,18.5273709559903,"S",0,0,0,0,0.57732807910961
"328",32.7,0,0,0,1.64792244095332,0,17.1489780349548,"S",0,0,0,0,0.534376224836815
"329",32.8,0,0,0,1.49674945081051,0,15.877887439263,"S",0,0,0,0,0.494767999054098
"330",32.9,0,0,0,1.36135428850961,0,14.7241746306701,"S",0,0,0,0,0.458817361415803
"331",33,0,0,0,1.23750665964695,0,13.4709788567341,"S",0,0,0,0,0.419766752960164
"332",33.1,0,0,0,1.1113358538877,0,12.2607065533648,"S",0,0,0,0,0.382053675062415
"333",33.2,0,0,0,1.00789525227222,0,11.2092133858684,"S",0,0,0,0,0.349288285303144
"334",33.3,0,0,0,0.907564845707557,0,10.2558993178204,"S",0,0,0,0,0.319582236830231
"335",33.4,0,0,0,0.812199116020059,0,9.07406471503569,"S",0,0,0,0,0.282755301013394
"336",33.5,0,0,0,0.731169308824281,0,8.20107660155634,"S",0,0,0,0,0.255552275185404
"337",33.6,0,0,0,0.656035078780095,0,7.2191213486416,"S",0,0,0,0,0.224953743894403
"338",33.7,0,0,0,0.588431310054188,0,6.43279782521786,"S",0,0,0,0,0.200451257793419
"339",33.8,0,0,0,0.526041316747531,0,5.67108324805372,"S",0,0,0,0,0.176715606647416
"340",33.9,0,0,0,0.469796951975589,0,5.03040570674297,"S",0,0,0,0,0.156751568839126
"341",34,0,0,0,0.418050471506015,0,4.40100936903777,"S",0,0,0,0,0.137139062590446
"342",34.1,0,0,0,0.36955924008781,0,3.76785206197982,"S",0,0,0,0,0.117409361451182
"343",34.2,0,0,0,0.324520848490055,0,3.30640453223343,"S",0,0,0,0,0.10303027784611
"344",34.3,0,0,0,0.281263653705979,0,2.6916072048251,"S",0,0,0,0,0.0838726887355186
"345",34.4,0,0,0,0.242163487813851,0,2.21373967460179,"S",0,0,0,0,0.0689819444443823
"346",34.5,0,0,0,0.209145739782743,0,1.8498176875599,"S",0,0,0,0,0.0576418367613374
"347",34.6,0,0,0,0.183106556033212,0,1.5059441510106,"S",0,0,0,0,0.0469264552436783
"348",34.7,0,0,0,0.159571358279646,0,1.20136788264324,"S",0,0,0,0,0.0374356088426107
"349",34.8,0,0,0,0.138543467493586,0,0.911179020668973,"S",0,0,0,0,0.0283930858283869
"350",34.9,0,0,0,0.120032656188143,0,0.718814796366871,"S",0,0,0,0,0.0223988587807638
"351",35,0,0,0,0.103939950127103,0,0.525338101048663,"S",0,0,0,0,0.0163699662235917
"352",35.1,0,0,0,0.0892612358074183,0,0.357112107854248,"S",0,0,0,0,0.0111279062606353
"353",35.2,0,0,0,0.0767249285267924,0,0.232953945337605,"S",0,0,0,0,0.00725903605547882
"354",35.3,0,0,0,0.0656354768864303,0,0.139330929052684,"S",0,0,0,0,0.00434166605837488
"355",35.4,0,0,0,0.0554040091466095,0,0.0605285159527948,"S",0,0,0,0,0.001886118215552
"356",35.5,0,0,0,0.0464913816354992,0,0.0235702868410922,"S",0,0,0,0,0.00073446947536993
"357",35.6,0,0,0,0.0380509861939142,0,0.00348079733969883,"S",0,0,0,0,0.000108464500801094
"358",35.7,0,0,0,0.0316928045522398,0,2.24505766510986e-14,"S",0,0,0,0,6.99578387223424e-16
"359",35.8,0,0,0,0.0260274217541766,0,0,"S",0,0,0,0,0
"360",35.9,0,0,0,0.0211997064380757,0,0,"S",0,0,0,0,0
"361",36,0,0,0,0.0170159997725385,0,0,"S",0,0,0,0,0
"362",36.1,0,0,0,0.0137236043286924,0,0,"S",0,0,0,0,0
"363",36.2,0,0,0,0.0111079675460666,0,0,"S",0,0,0,0,0
"364",36.3,0,0,0,0.00901936053882081,0,0,"S",0,0,0,0,0
"365",36.4,0,0,0,0.00730287457155768,0,0,"S",0,0,0,0,0
"366",36.5,0,0,0,0.00545911880605848,0,0,"S",0,0,0,0,0
"367",36.6,0,0,0,0.00442346403709463,0,0,"S",0,0,0,0,0
"368",36.7,0,0,0,0.00358416303173661,0,0,"S",0,0,0,0,0
"369",36.8,0,0,0,0.00288833154050103,0,0,"S",0,0,0,0,0
"370",36.9,0,0,0,0.00232608855430785,0,0,"S",0,0,0,0,0
"371",37,0,0,0,0.00185733800428935,0,0,"S",0,0,0,0,0
"372",37.1,0,0,0,0.00146148594081324,0,0,"S",0,0,0,0,0
"373",37.2,0,0,0,0.00110827074374822,0,0,"S",0,0,0,0,0
"374",37.3,0,0,0,0.000853019666829817,0,0,"S",0,0,0,0,0
"375",37.4,0,0,0,0.000637448728294408,0,0,"S",0,0,0,0,0
"376",37.5,0,0,0,0.000445339982159402,0,0,"S",0,0,0,0,0
"377",37.6,0,0,0,0.000304540410995607,0,0,"S",0,0,0,0,0
"378",37.7,0,0,0,0.000198679831328951,0,0,"S",0,0,0,0,0
"379",37.8,0,0,0,9.73468690485628e-05,0,0,"S",0,0,0,0,0
"380",37.9,0,0,0,2.06172135265312e-05,0,0,"S",0,0,0,0,0
"381",38,0,0,0,7.00068031911914e-06,0,0,"S",0,0,0,0,0
"382",38.1,0,0,0,4.18558622941061e-06,0,0,"S",0,0,0,0,0
"383",38.2,0,0,0,2.14104339443972e-06,0,0,"S",0,0,0,0,0
"384",38.3,0,0,0,5.75628464131203e-07,0,0,"S",0,0,0,0,0
"385",38.4,0,0,0,0,0,0,"S",0,0,0,0,0
"386",38.5,0,0,0,0,0,0,"S",0,0,0,0,0
"387",38.6,0,0,0,0,0,0,"S",0,0,0,0,0
"388",38.7,0,0,0,0,0,0,"S",0,0,0,0,0
"389",38.8,0,0,0,0,0,0,"S",0,0,0,0,0
"390",38.9,0,0,0,0,0,0,"S",0,0,0,0,0
"391",39,0,0,0,0,0,0,"S",0,0,0,0,0
"392",39.1,0,0,0,0,0,0,"S",0,0,0,0,0
"393",39.2,0,0,0,0,0,0,"S",0,0,0,0,0
"394",39.3,0,0,0,0,0,0,"S",0,0,0,0,0
"395",39.4,0,0,0,0,0,0,"S",0,0,0,0,0
"396",39.5,0,0,0,0,0,0,"S",0,0,0,0,0
"397",39.6,0,0,0,0,0,0,"S",0,0,0,0,0
"398",39.7,0,0,0,0,0,0,"S",0,0,0,0,0
"399",39.8,0,0,0,0,0,0,"S",0,0,0,0,0
"400",39.9,0,0,0,0,0,0,"S",0,0,0,0,0
"401",40,0,0,0,0,0,0,"S",0,0,0,0,0
"402",40.1,0,0,0,0,0,0,"S",0,0,0,0,0
"403",40.2,0,0,0,0,0,0,"S",0,0,0,0,0
"404",40.3,0,0,0,0,0,0,"S",0,0,0,0,0
"405",40.4,0,0,0,0,0,0,"S",0,0,0,0,0
"406",40.5,0,0,0,0,0,0,"S",0,0,0,0,0
"407",40.6,0,0,0,0,0,0,"S",0,0,0,0,0
"408",40.7,0,0,0,0,0,0,"S",0,0,0,0,0
"409",40.8,0,0,0,0,0,0,"S",0,0,0,0,0
"410",40.9,0,0,0,0,0,0,"S",0,0,0,0,0
"411",41,0,0,0,0,0,0,"S",0,0,0,0,0
"412",41.1,0,0,0,0,0,0,"S",0,0,0,0,0
"413",41.2,0,0,0,0,0,0,"S",0,0,0,0,0
"414",41.3,0,0,0,0,0,0,"S",0,0,0,0,0
"415",41.4,0,0,0,0,0,0,"S",0,0,0,0,0
"416",41.5,0,0,0,0,0,0,"S",0,0,0,0,0
"417",41.6,0,0,0,0,0,0,"S",0,0,0,0,0
"418",41.7,0,0,0,0,0,0,"S",0,0,0,0,0
"419",41.8,0,0,0,0,0,0,"S",0,0,0,0,0
"420",41.9,0,0,0,0,0,0,"S",0,0,0,0,0
"421",42,0,0,0,0,0,0,"S",0,0,0,0,0
"422",42.1,0,0,0,0,0,0,"S",0,0,0,0,0
"423",42.2,0,0,0,0,0,0,"S",0,0,0,0,0
"424",42.3,0,0,0,0,0,0,"S",0,0,0,0,0
"425",42.4,0,0,0,0,0,0,"S",0,0,0,0,0
"426",42.5,0,0,0,0,0,0,"S",0,0,0,0,0
"427",42.6,0,0,0,0,0,0,"S",0,0,0,0,0
"428",42.7,0,0,0,0,0,0,"S",0,0,0,0,0
"429",42.8,0,0,0,0,0,0,"S",0,0,0,0,0
"430",42.9,0,0,0,0,0,0,"S",0,0,0,0,0
"431",43,0,0,0,0,0,0,"S",0,0,0,0,0
"432",43.1,0,0,0,0,0,0,"S",0,0,0,0,0
"433",43.2,0,0,0,0,0,0,"S",0,0,0,0,0
"434",43.3,0,0,0,0,0,0,"S",0,0,0,0,0
"435",43.4,0,0,0,0,0,0,"S",0,0,0,0,0
"436",43.5,0,0,0,0,0,0,"S",0,0,0,0,0
"437",43.6,0,0,0,0,0,0,"S",0,0,0,0,0
"438",43.7,0,0,0,0,0,0,"S",0,0,0,0,0
"439",43.8,0,0,0,0,0,0,"S",0,0,0,0,0
"440",43.9,0,0,0,0,0,0,"S",0,0,0,0,0
"441",44,0,0,0,0,0,0,"S",0,0,0,0,0
"442",44.1,0,0,0,0,0,0,"S",0,0,0,0,0
"443",44.2,0,0,0,0,0,0,"S",0,0,0,0,0
"444",44.3,0,0,0,0,0,0,"S",0,0,0,0,0
"445",44.4,0,0,0,0,0,0,"S",0,0,0,0,0
"446",44.5,0,0,0,0,0,0,"S",0,0,0,0,0
"447",44.6,0,0,0,0,0,0,"S",0,0,0,0,0
"448",44.7,0,0,0,0,0,0,"S",0,0,0,0,0
"449",44.8,0,0,0,0,0,0,"S",0,0,0,0,0
"450",44.9,0,0,0,0,0,0,"S",0,0,0,0,0
"451",45,0,0,0,0,0,0,"S",0,0,0,0,0
