"","mean","median","lowerCI","upperCI","lowerQuartile","upperQuartile","temp","scaled_mean","scaled_median"
"1",0,0,0,0,0,0,0,0,0
"2",0,0,0,0,0,0,0.1,0,0
"3",0,0,0,0,0,0,0.2,0,0
"4",0,0,0,0,0,0,0.3,0,0
"5",0,0,0,0,0,0,0.4,0,0
"6",0,0,0,0,0,0,0.5,0,0
"7",0,0,0,0,0,0,0.6,0,0
"8",0,0,0,0,0,0,0.7,0,0
"9",0,0,0,0,0,0,0.8,0,0
"10",0,0,0,0,0,0,0.9,0,0
"11",0,0,0,0,0,0,1,0,0
"12",0,0,0,0,0,0,1.1,0,0
"13",0,0,0,0,0,0,1.2,0,0
"14",0,0,0,0,0,0,1.3,0,0
"15",0,0,0,0,0,0,1.4,0,0
"16",0,0,0,0,0,0,1.5,0,0
"17",0,0,0,0,0,0,1.6,0,0
"18",0,0,0,0,0,0,1.7,0,0
"19",0,0,0,0,0,0,1.8,0,0
"20",0,0,0,0,0,0,1.9,0,0
"21",0,0,0,0,0,0,2,0,0
"22",0,0,0,0,0,0,2.1,0,0
"23",0,0,0,0,0,0,2.2,0,0
"24",0,0,0,0,0,0,2.3,0,0
"25",0,0,0,0,0,0,2.4,0,0
"26",0,0,0,0,0,0,2.5,0,0
"27",0,0,0,0,0,0,2.6,0,0
"28",0,0,0,0,0,0,2.7,0,0
"29",0,0,0,0,0,0,2.8,0,0
"30",0,0,0,0,0,0,2.9,0,0
"31",0,0,0,0,0,0,3,0,0
"32",0,0,0,0,0,0,3.1,0,0
"33",0,0,0,0,0,0,3.2,0,0
"34",0,0,0,0,0,0,3.3,0,0
"35",0,0,0,0,0,0,3.4,0,0
"36",0,0,0,0,0,0,3.5,0,0
"37",0,0,0,0,0,0,3.6,0,0
"38",0,0,0,0,0,0,3.7,0,0
"39",0,0,0,0,0,0,3.8,0,0
"40",0,0,0,0,0,0,3.9,0,0
"41",0,0,0,0,0,0,4,0,0
"42",0,0,0,0,0,0,4.1,0,0
"43",0,0,0,0,0,0,4.2,0,0
"44",0,0,0,0,0,0,4.3,0,0
"45",0,0,0,0,0,0,4.4,0,0
"46",0,0,0,0,0,0,4.5,0,0
"47",0,0,0,0,0,0,4.6,0,0
"48",0,0,0,0,0,0,4.7,0,0
"49",0,0,0,0,0,0,4.8,0,0
"50",0,0,0,0,0,0,4.9,0,0
"51",0,0,0,0,0,0,5,0,0
"52",0,0,0,0,0,0,5.1,0,0
"53",0,0,0,0,0,0,5.2,0,0
"54",0,0,0,0,0,0,5.3,0,0
"55",0,0,0,0,0,0,5.4,0,0
"56",0,0,0,0,0,0,5.5,0,0
"57",0,0,0,0,0,0,5.6,0,0
"58",0,0,0,0,0,0,5.7,0,0
"59",0,0,0,0,0,0,5.8,0,0
"60",0,0,0,0,0,0,5.9,0,0
"61",0,0,0,0,0,0,6,0,0
"62",0,0,0,0,0,0,6.1,0,0
"63",0,0,0,0,0,0,6.2,0,0
"64",0,0,0,0,0,0,6.3,0,0
"65",0,0,0,0,0,0,6.4,0,0
"66",0,0,0,0,0,0,6.5,0,0
"67",0,0,0,0,0,0,6.6,0,0
"68",0,0,0,0,0,0,6.7,0,0
"69",0,0,0,0,0,0,6.8,0,0
"70",0,0,0,0,0,0,6.9,0,0
"71",0,0,0,0,0,0,7,0,0
"72",0,0,0,0,0,0,7.1,0,0
"73",0,0,0,0,0,0,7.2,0,0
"74",0,0,0,0,0,0,7.3,0,0
"75",0,0,0,0,0,0,7.4,0,0
"76",0,0,0,0,0,0,7.5,0,0
"77",0,0,0,0,0,0,7.6,0,0
"78",0,0,0,0,0,0,7.7,0,0
"79",0,0,0,0,0,0,7.8,0,0
"80",0,0,0,0,0,0,7.9,0,0
"81",0,0,0,0,0,0,8,0,0
"82",0,0,0,0,0,0,8.1,0,0
"83",0,0,0,0,0,0,8.2,0,0
"84",0,0,0,0,0,0,8.3,0,0
"85",0,0,0,0,0,0,8.4,0,0
"86",0,0,0,0,0,0,8.5,0,0
"87",0,0,0,0,0,0,8.6,0,0
"88",0,0,0,0,0,0,8.7,0,0
"89",0,0,0,0,0,0,8.8,0,0
"90",0,0,0,0,0,0,8.9,0,0
"91",0,0,0,0,0,0,9,0,0
"92",0,0,0,0,0,0,9.1,0,0
"93",0,0,0,0,0,0,9.2,0,0
"94",0,0,0,0,0,0,9.3,0,0
"95",0,0,0,0,0,0,9.4,0,0
"96",0,0,0,0,0,0,9.5,0,0
"97",0,0,0,0,0,0,9.6,0,0
"98",0,0,0,0,0,0,9.7,0,0
"99",0,0,0,0,0,0,9.8,0,0
"100",0,0,0,0,0,0,9.9,0,0
"101",0,0,0,0,0,0,10,0,0
"102",0,0,0,0,0,0,10.1,0,0
"103",0,0,0,0,0,0,10.2,0,0
"104",0,0,0,0,0,0,10.3,0,0
"105",0,0,0,0,0,0,10.4,0,0
"106",0,0,0,0,0,0,10.5,0,0
"107",0,0,0,0,0,0,10.6,0,0
"108",0,0,0,0,0,0,10.7,0,0
"109",0,0,0,0,0,0,10.8,0,0
"110",0,0,0,0,0,0,10.9,0,0
"111",0,0,0,0,0,0,11,0,0
"112",0,0,0,0,0,0,11.1,0,0
"113",0,0,0,0,0,0,11.2,0,0
"114",0,0,0,0,0,0,11.3,0,0
"115",0,0,0,0,0,0,11.4,0,0
"116",0,0,0,0,0,0,11.5,0,0
"117",0,0,0,0,0,0,11.6,0,0
"118",0,0,0,0,0,0,11.7,0,0
"119",0,0,0,0,0,0,11.8,0,0
"120",0,0,0,0,0,0,11.9,0,0
"121",0,0,0,0,0,0,12,0,0
"122",0,0,0,0,0,0,12.1,0,0
"123",0,0,0,0,0,0,12.2,0,0
"124",0,0,0,0,0,0,12.3,0,0
"125",0,0,0,0,0,0,12.4,0,0
"126",0,0,0,0,0,0,12.5,0,0
"127",0,0,0,0,0,0,12.6,0,0
"128",0,0,0,0,0,0,12.7,0,0
"129",0,0,0,0,0,0,12.8,0,0
"130",0,0,0,0,0,0,12.9,0,0
"131",0,0,0,0,0,0,13,0,0
"132",0,0,0,0,0,0,13.1,0,0
"133",1.03144913369874e-09,0,0,0,0,0,13.2,6.89276289091796e-11,0
"134",6.81170580879098e-09,0,0,0,0,0,13.3,4.55199112478949e-10,0
"135",4.74262109582702e-08,0,0,0,0,0,13.4,3.1693043919458e-09,0
"136",1.3805094694293e-07,0,0,0,0,0,13.5,9.22539379845205e-09,0
"137",2.87032445998535e-07,0,0,0,0,0,13.6,1.91812327688276e-08,0
"138",6.29209722743958e-07,0,0,0,0,0,13.7,4.20475744836977e-08,0
"139",1.24909272390856e-06,0,0,0,0,0,13.8,8.34718813888423e-08,0
"140",2.84572476970382e-06,0,0,0,0,0,13.9,1.90168428568476e-07,0
"141",6.00181446987528e-06,0,0,0,0,0,14,4.01077306718778e-07,0
"142",1.1740742834044e-05,0,0,0,0,0,14.1,7.84586984218125e-07,0
"143",2.23044346703028e-05,0,0,0,0,0,14.2,1.49051634807296e-06,0
"144",4.04744350359703e-05,0,0,4.50178358229032e-05,0,0,14.3,2.70474495282565e-06,0
"145",7.18601541237494e-05,0,0,0.000570910670995547,0,0,14.4,4.80212729350639e-06,0
"146",0.000124122962276609,0,0,0.00144221755130069,0,0,14.5,8.29464217225181e-06,0
"147",0.000209240065067236,0,0,0.00277901764800393,0,0,14.6,1.3982678434339e-05,0
"148",0.000340732131739922,0,0,0.00458575609190572,0,0,14.7,2.27697684419818e-05,0
"149",0.000535921150212007,0,0,0.00669443463151282,0,0,14.8,3.58134715125788e-05,0
"150",0.000820710405750149,0,0,0.00921452231349144,0,0,14.9,5.48448008159081e-05,0
"151",0.00122940109722403,0,0,0.0124724593179881,0,0,15,8.21559685702798e-05,0
"152",0.00180689432813001,0,0,0.0160735349241099,0,0.000693820315497915,15.1,0.000120747536314111,0
"153",0.0025781560585555,0,0,0.0206127214930546,0,0.00202581630880783,15.2,0.00017228787951648,0
"154",0.00357012486548931,0,0,0.0256037853419886,0,0.00377196839161522,15.3,0.000238577195760926,0
"155",0.00484679104285485,0,0,0.0314353985112141,0,0.00609308137000359,15.4,0.000323891700993769,0
"156",0.00644860740299107,0.000237458526511933,0,0.0383676159541019,0,0.0089050234682904,15.5,0.000430934695209294,1.46890229157416e-05
"157",0.00841155362671857,0.00166827329425212,0,0.0456124204693966,0,0.0122452078346658,15.6,0.000562110556875471,0.000103198251117581
"158",0.0107828850543294,0.00367989686418685,0,0.0542595250943331,0,0.0162139117859691,15.7,0.0007205771717796,0.000227635916720346
"159",0.0135999615127232,0.00616824696516315,0,0.0634645724554045,0,0.0209498675241001,15.8,0.0009088311480437,0.000381563561233847
"160",0.0169102285224374,0.00916810864416584,0,0.0735758187948428,0,0.0260259704797034,15.9,0.00113004308044184,0.000567132964001582
"161",0.0207692797317182,0.0127178020571505,0,0.0851897653965244,0,0.0320630048104796,16,0.00138792807060221,0.000786714583803169
"162",0.0252402373656594,0.0168531658032224,0,0.0978766683132234,9.52241153419349e-05,0.0389384241537499,16.1,0.00168670432489588,0.00104252537199958
"163",0.0303867782072278,0.0216671907383653,0,0.112395508653863,0.00203900837981715,0.0467849449889373,16.2,0.00203062710858322,0.00134031767968374
"164",0.036269639974098,0.0273896032862525,0,0.128309056901066,0.00476742117195876,0.0554968470280715,16.3,0.00242375528092145,0.00169430222714962
"165",0.0429705158306486,0.0339424903180376,0,0.145221923197235,0.00821784976281894,0.0651415159950438,16.4,0.00287154807003411,0.00209965936124823
"166",0.0505502917409969,0.0413238585371446,0,0.163718341739715,0.0124876792688978,0.0758968529911994,16.5,0.00337807424189652,0.00255626577800935
"167",0.059091350306374,0.0496991816051305,0,0.183692283949353,0.0176364035676773,0.0879565794653577,16.6,0.00394883909694543,0.00307435756557126
"168",0.0686700621978831,0.059193178966505,0,0.205524771687694,0.0236378495554631,0.100936291330399,16.7,0.0045889461823218,0.00366164978392929
"169",0.0793687946254537,0.0698499127929998,0,0.2286079083664,0.0306772351655969,0.115699646924823,16.8,0.00530389976992312,0.00432086808905287
"170",0.0912701317947403,0.0816776252352827,0,0.25407941428389,0.0386510779524591,0.131559970032439,16.9,0.00609921863260512,0.0050525223347755
"171",0.104452237379355,0.0947877810158946,0,0.281463818495839,0.0478402629449299,0.149207996015473,17,0.00698012613671026,0.00586350765300822
"172",0.118984225330869,0.109256565668475,0,0.310968892428505,0.0583009631870834,0.168298266783225,17.1,0.00795124089177601,0.0067585368290357
"173",0.134952022502445,0.124983422360255,0,0.34206028401604,0.0699683289046161,0.188788964037541,17.2,0.00901830504644992,0.00773138948558808
"174",0.152443531333136,0.142471334762743,0,0.375275388634625,0.0827554594833198,0.211210788548976,17.3,0.0101871927698999,0.00881317985042349
"175",0.171532618769513,0.161716974245892,0,0.410991992845459,0.0967573238463356,0.23527833807393,17.4,0.011462840295349,0.0100037020167517
"176",0.192309123262258,0.183050089166353,0,0.448700939288044,0.11274330595348,0.261019133004452,17.5,0.0128512511678954,0.0113233539935993
"177",0.214848166049649,0.205600916435106,0,0.488044135575245,0.130192155429596,0.288630266368837,17.6,0.0143574454400708,0.0127183328279474
"178",0.239229380856551,0.230204597823301,0,0.532121151002031,0.148995979986686,0.318491110816279,17.7,0.0159867447158759,0.0142402998216433
"179",0.265536142570436,0.256490282641412,2.63849317794992e-06,0.576539349439364,0.169324881175826,0.350977591465382,17.8,0.0177447206062764,0.0158663144033087
"180",0.293848803992153,0.284338158590864,0.00303416946220348,0.62501918845744,0.191752221536411,0.385316506189186,17.9,0.0196367427682509,0.0175889650656578
"181",0.324243225048652,0.315305237913504,0.00953893151659565,0.676954380110465,0.216342320465687,0.422703852761203,18,0.0216678806179469,0.0195045675267932
"182",0.356801572032524,0.347543606494669,0.0173545317708057,0.729740563674798,0.242497252442183,0.46113575402178,18.1,0.0238436250007582,0.0214988110766497
"183",0.391605569774646,0.382377177407874,0.0283571633993083,0.785876886063071,0.270983200905674,0.50289976888345,18.2,0.026169437260954,0.0236535920773458
"184",0.428723953120794,0.419496399694941,0.0401328629315695,0.844703852406146,0.301180225202714,0.546759747621465,18.3,0.0286499106739447,0.0259497619171844
"185",0.46822731421125,0.460005889833666,0.0522555177920925,0.909186736741608,0.333968530628534,0.593225658354339,18.4,0.0312897626307195,0.0284556514200524
"186",0.510207106342051,0.50241614460659,0.0640810938954755,0.973348685783475,0.369396533118084,0.643108351145183,18.5,0.0340951045900463,0.0310791209301717
"187",0.554736842795633,0.546941531375945,0.0761391023141429,1.04232657147425,0.405911161370612,0.695644936666376,18.6,0.0370708491511858,0.0338334310667439
"188",0.601883536286559,0.594859448127611,0.093575758840098,1.11690538230425,0.445400117312885,0.751502957394446,18.7,0.0402214745063926,0.0367976008002087
"189",0.65172252020988,0.645257332424043,0.113594404920593,1.19337386247261,0.486705825340142,0.810327257723839,18.8,0.0435520148857891,0.0399151796389622
"190",0.704328356323176,0.698166955767752,0.131379402636563,1.27324203193335,0.531250902773054,0.872478018240881,18.9,0.0470674529540453,0.0431881329465367
"191",0.759772757630865,0.75411975819859,0.157479574286513,1.35645510097121,0.578024274222012,0.937603413546447,19,0.050772581005027,0.0466493352422784
"192",0.818127525493903,0.81248485708755,0.180501154736613,1.44205792797577,0.627450017111287,1.0063247564811,19.1,0.0546721972371151,0.0502597605559231
"193",0.879452726060233,0.873998653737864,0.206920371219748,1.5325779526335,0.679538750448723,1.0784998165407,19.2,0.0587703156312419,0.0540649621711421
"194",0.943809568604803,0.938699694972054,0.23504910055457,1.62832721239816,0.734390313203059,1.15365188715295,19.3,0.0630710265589552,0.0580673245681546
"195",1.01126784468137,1.00680136519783,0.261143851013769,1.72843751383354,0.79197077769913,1.23148252991474,19.4,0.0675789939112422,0.0622800475612639
"196",1.08189259413932,1.07722562990981,0.294715830696785,1.83420969040722,0.852163513133912,1.31267500537465,19.5,0.0722985640416521,0.0666364446693145
"197",1.15574827527853,1.15240279770987,0.326139346428213,1.94188081951214,0.915287650658244,1.39800456719794,19.6,0.0772340444411004,0.0712868531291686
"198",1.23288433897572,1.23066868949541,0.359059394200421,2.05047019776048,0.98156609934204,1.48656748765307,19.7,0.0823887397143116,0.07612832795362
"199",1.31335253562111,1.31127385177891,0.392425115645569,2.17065328317804,1.04981116339524,1.57975526391285,19.8,0.0877661081333187,0.0811145084597552
"200",1.3972058199299,1.39582601695345,0.426149142319187,2.29201699096899,1.12198361674894,1.67715413848243,19.9,0.0933696884503883,0.0863448478797292
"201",1.48449772869881,1.48519742174218,0.464676613133832,2.41854969404977,1.19714671111221,1.77912337875812,20,0.0992030583159684,0.0918733021838866
"202",1.57526759642967,1.57735323812775,0.506698537783481,2.55193652546003,1.27548008469279,1.88489863169887,20.1,0.105268846297827,0.0975739982952912
"203",1.66955839961,1.67157746967514,0.553695434427316,2.68685453845657,1.35820914869699,1.99374013824107,20.2,0.111569924343097,0.10340264516154
"204",1.76741114491172,1.76948195433502,0.600932642636867,2.82889489781317,1.4419558339476,2.10617086412047,20.3,0.118109032763999,0.109458949981786
"205",1.86886529137379,1.87245069412946,0.649517324594394,2.98012024546299,1.52962103273112,2.22279331478861,20.4,0.124888808450618,0.115828526179631
"206",1.97395665731988,1.97935978700282,0.70111347497046,3.13604920397816,1.62018844601516,2.3436208273702,20.5,0.131911644998569,0.12244184993846
"207",2.08271817330745,2.08826616481059,0.752440844408456,3.29503364398071,1.71519972382911,2.46813252566845,20.6,0.139179743025573,0.129178724384652
"208",2.19517845045611,2.20150517988044,0.808593954774045,3.45918853590054,1.81296647132904,2.59849676716961,20.7,0.146695014498563,0.136183612824543
"209",2.31136342337885,2.31932825875054,0.868526513643838,3.619183959109,1.91515388414286,2.73256883153552,20.8,0.154459192524215,0.143472068332748
"210",2.43129455763618,2.44097112196908,0.918478379202748,3.79109913806822,2.01829922158888,2.8713674350814,20.9,0.162473711560265,0.150996813102289
"211",2.55498963796867,2.56684146756733,0.976574894077088,3.96674329511774,2.12460585012208,3.01188253423992,21,0.170739760089944,0.158783067056039
"212",2.68246244298549,2.69481950595967,1.03802239527733,4.15204674225101,2.23551512704803,3.15702274267742,21.1,0.179258258882709,0.166699701452244
"213",2.81372398640374,2.82735790313455,1.10390311659826,4.34576967073811,2.34795361554823,3.30937333486758,21.2,0.188029943941317,0.174898436540494
"214",2.94877858352024,2.96392118962204,1.17120518255622,4.53503124789378,2.4667941870998,3.46441136198204,21.3,0.197055103639831,0.183346148543638
"215",3.08762938061793,3.10292361305087,1.24106002705665,4.73388937131462,2.58643491029691,3.62364899870672,21.4,0.206333948231782,0.191944743898718
"216",3.23027335458273,3.24678168843301,1.30827625671316,4.93941509081278,2.71246955271522,3.78502448255043,21.5,0.215866275694523,0.200843706580509
"217",3.37670416925247,3.39544342520045,1.3742731930369,5.15002354846337,2.83961767952284,3.95404270447623,21.6,0.225651662607624,0.210039820487841
"218",3.52690798914461,3.54685106004156,1.45642593353329,5.35909360343887,2.96915696777748,4.12575643400453,21.7,0.235689184401006,0.219405793782076
"219",3.68086769129007,3.70226268449207,1.5306054792187,5.58227078584531,3.1052422039447,4.30108601513587,21.8,0.245977696814988,0.229019451149783
"220",3.83857223202995,3.8615212190377,1.61371661767218,5.81773427535845,3.24156823086145,4.48069368414997,21.9,0.256516461845921,0.238871075759062
"221",4.00000989480943,4.02292724669072,1.68695690309117,6.05844609098433,3.38157663317599,4.66509621765991,22,0.267304696523211,0.248855542831105
"222",4.16513455180267,4.19088253830641,1.76499365882294,6.29516645820823,3.52381225438324,4.853428489121,22.1,0.27833931830836,0.259245142916654
"223",4.33389727750911,4.36186996462332,1.84704020501363,6.54307474646636,3.66858714934775,5.04794631055463,22.2,0.289617057705438,0.269822308792172
"224",4.50625034597514,4.5360522483884,1.92515751188263,6.79795332510692,3.8201013875325,5.24498855356456,22.3,0.301134725379445,0.28059710637609
"225",4.68214095319184,4.7132368402262,2.00575311866978,7.05126843564737,3.97286181906695,5.44528678533901,22.4,0.312888792649216,0.291557624695027
"226",4.86151276049836,4.89365702080803,2.08094267821045,7.31712820991271,4.12556886959911,5.65038666444696,22.5,0.324875494626906,0.302718294332617
"227",5.04430353305828,5.07815320202787,2.17113208314391,7.57180110193665,4.28465458682536,5.85751468105123,22.6,0.337090672406785,0.314131102596922
"228",5.23044790345278,5.26727374118988,2.25978516348374,7.83482368937498,4.4435048795441,6.07011930072052,22.7,0.349529957745147,0.325829970497749
"229",5.41988840217044,5.46013160560978,2.34612354672671,8.11571947182356,4.60615767596571,6.28145224680012,22.8,0.362189510183915,0.337760026796665
"230",5.61248660180221,5.65323244251238,2.43592693184048,8.39948721248433,4.77387709009525,6.50301088907202,22.9,0.375060079171829,0.349705113208075
"231",5.80824009968961,5.85103630901467,2.52114733790038,8.69082781591625,4.94461591941244,6.72863014095552,23,0.388141504148815,0.361941125831224
"232",6.00714339471661,6.05409863031856,2.60545135856521,8.98004786438578,5.11832016328153,6.95712843733613,23.1,0.401433417497243,0.374502422891268
"233",6.20899611432934,6.25853965211367,2.69198286710068,9.27523916324001,5.29379954180045,7.18944120039176,23.2,0.414922429119059,0.387149005425819
"234",6.41368977545023,6.46658394643294,2.79214833722218,9.57620312679114,5.47325775358906,7.42421869715677,23.3,0.428601289523165,0.40001848394754
"235",6.62111050156858,6.67320100997008,2.88662865960776,9.88420416678327,5.65208719617439,7.66497226367563,23.4,0.442462388796854,0.412799674943972
"236",6.83113990532098,6.88635681134789,2.98373160317233,10.1911056745061,5.83201206094767,7.90521764577097,23.5,0.456497815585132,0.425985347815165
"237",7.0436488662258,7.10262411155705,3.08388354763256,10.5055076849169,6.01385108983215,8.14999534391184,23.6,0.470698941281556,0.439363495887428
"238",7.25849767437809,7.31477122321783,3.18705903042876,10.8302032844353,6.19155847431723,8.39743767759284,23.7,0.485056429630784,0.4524867718989
"239",7.47553731018032,7.53411778871227,3.2878030348246,11.1506171970387,6.37737369062675,8.64811574481422,23.8,0.499560322247876,0.466055401227
"240",7.69460982254304,7.75294767868967,3.39211064921327,11.4747549992884,6.5675046944551,8.90103509541771,23.9,0.514200063891936,0.47959206935909
"241",7.91554229507887,7.97207697206787,3.4904269511662,11.8023733045717,6.75480841096349,9.15442781552772,24,0.528964099250935,0.493147258381881
"242",8.13813402203998,8.19502784784468,3.59850345547947,12.131103609898,6.94711825224899,9.41272930600006,24.1,0.543839015960798,0.506938847892168
"243",8.36211547427406,8.42106756634235,3.71079434892454,12.4538761717486,7.14073804447162,9.66893225996123,24.2,0.558806802464014,0.520921511111942
"244",8.58716123584198,8.64155839200314,3.77412484571772,12.7923509254404,7.33291722389955,9.92823655246237,24.3,0.573845712512163,0.534560923595533
"245",8.81345577300002,8.86937601110828,3.86268020573488,13.1237550155042,7.52798457223968,10.1928555427395,24.4,0.588968073248916,0.548653566537445
"246",9.04065861983976,9.09773687925282,3.92768671335574,13.467406775705,7.70990251298306,10.4610271408627,24.5,0.604151132696473,0.562779814495381
"247",9.2678713283066,9.32518220817762,4.01049769263936,13.8205146789794,7.89878882723836,10.7244095325906,24.6,0.619334851157209,0.576849427819992
"248",9.49427725694659,9.55497858028283,4.08632251326114,14.1777695810647,8.09231846821757,10.987316862516,24.7,0.634464655742118,0.591064475076415
"249",9.72121970251128,9.78441597821243,4.18280924393455,14.5365103019333,8.28386953231795,11.2553768728058,24.8,0.649630313611771,0.605257316434532
"250",9.94868988739564,10.0119676566753,4.24364218523129,14.8561126884438,8.48314315896063,11.5223368818063,24.9,0.664831238193856,0.619333508469223
"251",10.1749112221614,10.2410590890369,4.30212847714365,15.2271911840732,8.67855953697225,11.7906176989169,25,0.679948707106894,0.633504948632649
"252",10.4006269698355,10.4709785664946,4.33960757632458,15.5694345469608,8.86998380587323,12.0560981298512,25.1,0.69503238965249,0.647727611102435
"253",10.6254048764255,10.6996805373828,4.38312547950619,15.9283417833474,9.05665761104122,12.3263451931796,25.2,0.71005340002152,0.661874959444055
"254",10.8478548095951,10.9265919318239,4.45587291119514,16.2864242451601,9.24600680335018,12.5926683105103,25.3,0.724918841218218,0.675911543944717
"255",11.0675880671693,11.1551596457562,4.3705286502343,16.6397874339532,9.43091950381829,12.8593805399674,25.4,0.739602737827612,0.690050587242378
"256",11.2816052251073,11.3806995704026,4.37140315612119,16.9881594292793,9.60857044225099,13.1244016369017,25.5,0.753904650312282,0.704002333554504
"257",11.4943217414978,11.6055657149136,4.28552381921846,17.3371728366648,9.79158219822629,13.3853788224615,25.6,0.768119646113422,0.7179124002858
"258",11.7025677227239,11.8281833133228,4.1488640140117,17.6964813454309,9.97843990775652,13.6380789677239,25.7,0.782035893892222,0.731683373484841
"259",11.9048118268483,12.044256241211,3.7733013912764,18.0387480595252,10.1640629221993,13.9010430325641,25.8,0.795551060178871,0.745049497817557
"260",12.1053812258198,12.2616254672459,3.35849977051162,18.378189852976,10.3386516068648,14.1580174568289,25.9,0.808954312604192,0.758495810271799
"261",12.3024838975741,12.4736729066209,3.06200357949575,18.7440057154616,10.5150333473838,14.4134020099566,26,0.822125897485916,0.771612920623474
"262",12.4954620122793,12.6860925400779,2.74391791672274,19.1145763219341,10.6823945688353,14.6682970665251,26.1,0.835021854681874,0.784753054647876
"263",12.6830921919163,12.886205459115,2.3526618656126,19.4714749128737,10.8407200577784,14.9136504900699,26.2,0.847560430721787,0.797131903690067
"264",12.8668040060666,13.0912074287476,2.07212774680552,19.8152059058568,10.9976073494114,15.1621304327191,26.3,0.85983715803511,0.809813186076249
"265",13.0420000017435,13.2900208181156,1.57016146554386,20.1728040538334,11.1483866694829,15.4069987963016,26.4,0.871544807187996,0.822111647097133
"266",13.2100540357517,13.4897470537565,0.849568602695429,20.5204727728852,11.2983135610794,15.64372053565,26.5,0.882775187547397,0.834466576167479
"267",13.3733542921337,13.6870545108379,5.69392022797001e-10,20.8448139189651,11.4407230023569,15.8813989805523,26.6,0.8936878919212,0.846671881241537
"268",13.5308215620837,13.8823594325591,0,21.1408795077223,11.5848139304581,16.1135927063507,26.7,0.904210801092236,0.858753310840473
"269",13.6820578154516,14.0633131397136,0,21.4599504657277,11.7153431108585,16.3330426332483,26.8,0.91431731629418,0.869946984068911
"270",13.8259392054305,14.2382746703385,0,21.7436619635588,11.8404296877298,16.5524552488939,26.9,0.923932335330393,0.880769985333482
"271",13.9634920374665,14.4086703452768,0,22.032043683129,11.9537295923925,16.7639465613696,27,0.933124442097683,0.891310545871268
"272",14.0965951291109,14.5734144189232,0,22.3192514102529,12.0532840593182,16.9639180315443,27.1,0.942019190474301,0.901501502197706
"273",14.2204133884268,14.7219662867932,0,22.6151437020257,12.1572093329176,17.1658439094739,27.2,0.950293470563811,0.910690819689782
"274",14.332881229761,14.8691626696428,0,22.8882675194573,12.2635519084791,17.3610245896457,27.3,0.957809247521129,0.919796287800588
"275",14.4377209954297,15.0099160437991,0,23.1403247288136,12.3519111512399,17.546318581755,27.4,0.964815270626724,0.92850319577656
"276",14.5347578112069,15.1481685302174,0,23.3822545491353,12.4326048702333,17.725742563827,27.5,0.971299853734018,0.93705540053832
"277",14.6170620322483,15.2774297356816,0,23.6361643846947,12.4990242602249,17.8896628119685,27.6,0.976799916335513,0.945051410776705
"278",14.6907654951652,15.3997832635666,0,23.9064191315631,12.5599379485576,18.0549286551301,27.7,0.981725224598697,0.952620116779069
"279",14.757714739063,15.5186143007435,0,24.126970594521,12.6206921338955,18.2103585711808,27.8,0.986199175362112,0.959970923902461
"280",14.8153262470191,15.6250398790007,0,24.3328521108254,12.668176637735,18.3581347505508,27.9,0.990049122501099,0.966554337776049
"281",14.8585422519922,15.7236487748381,0,24.5577455456664,12.7028578444967,18.4956264294027,28,0.992937075630737,0.97265421699255
"282",14.8943677075655,15.8156861717211,0,24.769328121641,12.7225148501651,18.6119238828856,28.1,0.995331147840972,0.978347587754085
"283",14.9227287825805,15.9011408716292,0,24.9364496490593,12.7275446777742,18.7195959193914,28.2,0.997226405290157,0.983633757358714
"284",14.9500727796731,15.9777981234141,0,25.1218132000195,12.7371035071896,18.8265789296108,28.3,0.999053695481128,0.988375722807028
"285",14.964233501457,16.036034363404,0,25.3039951940784,12.725427036167,18.9149201022562,28.4,1,0.99197817699683
"286",14.962372068899,16.0805970951758,0,25.4379206975072,12.6891313279527,19.003531290279,28.5,0.999875607891458,0.994734797269852
"287",14.95091320585,16.1168587597055,0,25.5790691116344,12.6629907764136,19.0809275004617,28.6,0.999109857808242,0.996977919170186
"288",14.9247007098602,16.150932675689,0,25.6878338648089,12.5788209108619,19.1472285960413,28.7,0.997358181319946,0.999085708433692
"289",14.8871813328519,16.1641802688408,0,25.7809515545038,12.4877657412951,19.1978654637977,28.8,0.994850911100955,0.999905195534213
"290",14.8405306525413,16.1657128506116,0,25.8423496148801,12.3947139004928,19.2435973903231,28.9,0.991733432326911,1
"291",14.7812678649946,16.1617056104396,0,25.8903967476978,12.3208682022149,19.2652994331727,29,0.987773136763431,0.999752114848938
"292",14.7154038053999,16.1256467159734,0,25.9547651881405,12.2047525032776,19.2792220636661,29.1,0.983371704535825,0.997521536166795
"293",14.6340369721242,16.0912743216397,0,25.9803575241017,12.0744524676682,19.2847823256221,29.2,0.977934283817436,0.995395283235584
"294",14.5504509678299,16.0427715043998,0,25.9942967044469,11.9799067901153,19.2590166169526,29.3,0.972348564756973,0.992394931955805
"295",14.4509087630188,15.9861847048403,0,25.9823225980367,11.8208251663046,19.2159455973722,29.4,0.965696556499987,0.988894511028969
"296",14.3411402945405,15.9077619303667,0,25.9785778043394,11.6612702201589,19.1741445954744,29.5,0.958361167856953,0.984043331548154
"297",14.2159827877062,15.821054553079,0,25.9282269153326,11.483018283439,19.1205869742488,29.6,0.94999739120096,0.978679672172973
"298",14.0819515055981,15.7185982708554,0,25.9007589046833,11.286794578736,19.0437355836042,29.7,0.941040615560229,0.972341796251853
"299",13.9374611071117,15.5987426374276,0,25.7934799940725,11.0073358529674,18.938902814491,29.8,0.931384898916115,0.964927608301381
"300",13.7804854650646,15.4676494530561,0,25.7008448063568,10.7593047536858,18.8303168150434,29.9,0.920894843275655,0.956818273094027
"301",13.6090553420398,15.3331138299923,0,25.5976206758974,10.4737114172947,18.6938761169447,30,0.909438852361849,0.948495990970922
"302",13.4271898578336,15.1725542000478,0,25.4409632830168,10.1911696527718,18.5454690734013,30.1,0.897285507909661,0.938563881485361
"303",13.2381949755345,14.9989011167692,0,25.2450126242571,9.88999711233794,18.3714004924877,30.2,0.884655734237609,0.927821819883537
"304",13.0323126534901,14.8089531801835,0,25.087968258865,9.58929358253495,18.1974046862156,30.3,0.870897440368142,0.916071769740931
"305",12.81453665205,14.6164152844011,0,24.8812082596552,9.22275330320673,17.9882088453341,30.4,0.856344339374435,0.90416150648427
"306",12.5804169489891,14.3978923694444,0,24.6456306455676,8.79379060310267,17.7642873530191,30.5,0.840699054032017,0.890643827618136
"307",12.3320847086848,14.1382922272955,0,24.357092217562,8.39636150922293,17.5183747738829,30.6,0.824104001550368,0.874585139421213
"308",12.070689156921,13.85262696488,0,24.0349071369474,8.01672737047405,17.2337718443173,30.7,0.806635980101871,0.856914080615742
"309",11.7896667794253,13.5529536809302,0,23.6719756249808,7.51803657418181,16.9272213096884,30.8,0.787856376223843,0.838376495127305
"310",11.4818977640841,13.2351659493804,0,23.2946852072154,6.79908914863384,16.5900433142349,30.9,0.767289401289159,0.818718362232918
"311",11.1575390137278,12.9085631816943,0,22.8654724804122,5.9558168195858,16.2240687224026,31,0.745613800575984,0.798514937199683
"312",10.8178667298174,12.5429009186394,0,22.4021642943672,4.97501074307389,15.8172048480699,31.1,0.722914857534406,0.775895318353675
"313",10.4584857507614,12.1624148347928,0,21.8469802781308,3.66443900736493,15.3814128111242,31.2,0.698898861057141,0.752358708037585
"314",10.0715920549985,11.7253595587227,0,21.2777761912054,2.13996990788191,14.9140021671367,31.3,0.673044299530468,0.725322765972495
"315",9.65517803130967,11.2278137236701,0,20.6525775185582,0.590732411290332,14.389743335613,31.4,0.645217012309356,0.694544919078236
"316",9.19520713417466,10.6890093734672,0,19.962629393243,0,13.8206383498499,31.5,0.614478993079021,0.661214848503434
"317",8.66506398882522,10.0776028207836,0,19.1225971341343,0,13.1667099614225,31.6,0.579051642570369,0.623393655071779
"318",8.01670620927737,9.33766755338798,0,18.2695146847859,0,12.435525669421,31.7,0.535724479873748,0.577621762781385
"319",7.26131287044322,8.48148219985184,0,17.2557241735682,0,11.599730497816,31.8,0.48524455794787,0.52465871924299
"320",6.43492598819446,7.48883555246547,0,16.1222009972504,0,10.6041618300565,31.9,0.430020420863382,0.46325427289661
"321",5.46990086605546,6.07245416917871,0,14.9072916998449,0,9.35157661667929,32,0.365531643536762,0.375637884038559
"322",3.78957279072675,0,0,13.3824771888814,0,7.47539794116946,32.1,0.253242024749064,0
"323",2.07401248460879,0,0,11.8852587483198,0,3.69839349195666,32.2,0.138597976595784,0
"324",1.0530743831887,0,0,10.2062670274178,0,0,32.3,0.0703727580223983,0
"325",0.576441159780324,0,0,8.43810077408696,0,0,32.4,0.0385212620295051,0
"326",0.335469986486632,0,0,6.32795258738034,0,0,32.5,0.0224181202768567,0
"327",0.114139123711115,0,0,0,0,0,32.6,0.00762746208818525,0
"328",0.0255721785044734,0,0,0,0,0,32.7,0.00170888662636704,0
"329",0.00649790020390274,0,0,0,0,0,32.8,0.000434228736357934,0
"330",0.00236531046535108,0,0,0,0,0,32.9,0.000158064258027034,0
"331",0.000645614175047951,0,0,0,0,0,33,4.31438185581033e-05,0
"332",0.000316238863709234,0,0,0,0,0,33.1,2.11329810964553e-05,0
"333",0.000277568800134401,0,0,0,0,0,33.2,1.85488150868119e-05,0
"334",0.000220349368102801,0,0,0,0,0,33.3,1.47250688170127e-05,0
"335",0,0,0,0,0,0,33.4,0,0
"336",0,0,0,0,0,0,33.5,0,0
"337",0,0,0,0,0,0,33.6,0,0
"338",0,0,0,0,0,0,33.7,0,0
"339",0,0,0,0,0,0,33.8,0,0
"340",0,0,0,0,0,0,33.9,0,0
"341",0,0,0,0,0,0,34,0,0
"342",0,0,0,0,0,0,34.1,0,0
"343",0,0,0,0,0,0,34.2,0,0
"344",0,0,0,0,0,0,34.3,0,0
"345",0,0,0,0,0,0,34.4,0,0
"346",0,0,0,0,0,0,34.5,0,0
"347",0,0,0,0,0,0,34.6,0,0
"348",0,0,0,0,0,0,34.7,0,0
"349",0,0,0,0,0,0,34.8,0,0
"350",0,0,0,0,0,0,34.9,0,0
"351",0,0,0,0,0,0,35,0,0
"352",0,0,0,0,0,0,35.1,0,0
"353",0,0,0,0,0,0,35.2,0,0
"354",0,0,0,0,0,0,35.3,0,0
"355",0,0,0,0,0,0,35.4,0,0
"356",0,0,0,0,0,0,35.5,0,0
"357",0,0,0,0,0,0,35.6,0,0
"358",0,0,0,0,0,0,35.7,0,0
"359",0,0,0,0,0,0,35.8,0,0
"360",0,0,0,0,0,0,35.9,0,0
"361",0,0,0,0,0,0,36,0,0
"362",0,0,0,0,0,0,36.1,0,0
"363",0,0,0,0,0,0,36.2,0,0
"364",0,0,0,0,0,0,36.3,0,0
"365",0,0,0,0,0,0,36.4,0,0
"366",0,0,0,0,0,0,36.5,0,0
"367",0,0,0,0,0,0,36.6,0,0
"368",0,0,0,0,0,0,36.7,0,0
"369",0,0,0,0,0,0,36.8,0,0
"370",0,0,0,0,0,0,36.9,0,0
"371",0,0,0,0,0,0,37,0,0
"372",0,0,0,0,0,0,37.1,0,0
"373",0,0,0,0,0,0,37.2,0,0
"374",0,0,0,0,0,0,37.3,0,0
"375",0,0,0,0,0,0,37.4,0,0
"376",0,0,0,0,0,0,37.5,0,0
"377",0,0,0,0,0,0,37.6,0,0
"378",0,0,0,0,0,0,37.7,0,0
"379",0,0,0,0,0,0,37.8,0,0
"380",0,0,0,0,0,0,37.9,0,0
"381",0,0,0,0,0,0,38,0,0
"382",0,0,0,0,0,0,38.1,0,0
"383",0,0,0,0,0,0,38.2,0,0
"384",0,0,0,0,0,0,38.3,0,0
"385",0,0,0,0,0,0,38.4,0,0
"386",0,0,0,0,0,0,38.5,0,0
"387",0,0,0,0,0,0,38.6,0,0
"388",0,0,0,0,0,0,38.7,0,0
"389",0,0,0,0,0,0,38.8,0,0
"390",0,0,0,0,0,0,38.9,0,0
"391",0,0,0,0,0,0,39,0,0
"392",0,0,0,0,0,0,39.1,0,0
"393",0,0,0,0,0,0,39.2,0,0
"394",0,0,0,0,0,0,39.3,0,0
"395",0,0,0,0,0,0,39.4,0,0
"396",0,0,0,0,0,0,39.5,0,0
"397",0,0,0,0,0,0,39.6,0,0
"398",0,0,0,0,0,0,39.7,0,0
"399",0,0,0,0,0,0,39.8,0,0
"400",0,0,0,0,0,0,39.9,0,0
"401",0,0,0,0,0,0,40,0,0
"402",0,0,0,0,0,0,40.1,0,0
"403",0,0,0,0,0,0,40.2,0,0
"404",0,0,0,0,0,0,40.3,0,0
"405",0,0,0,0,0,0,40.4,0,0
"406",0,0,0,0,0,0,40.5,0,0
"407",0,0,0,0,0,0,40.6,0,0
"408",0,0,0,0,0,0,40.7,0,0
"409",0,0,0,0,0,0,40.8,0,0
"410",0,0,0,0,0,0,40.9,0,0
"411",0,0,0,0,0,0,41,0,0
"412",0,0,0,0,0,0,41.1,0,0
"413",0,0,0,0,0,0,41.2,0,0
"414",0,0,0,0,0,0,41.3,0,0
"415",0,0,0,0,0,0,41.4,0,0
"416",0,0,0,0,0,0,41.5,0,0
"417",0,0,0,0,0,0,41.6,0,0
"418",0,0,0,0,0,0,41.7,0,0
"419",0,0,0,0,0,0,41.8,0,0
"420",0,0,0,0,0,0,41.9,0,0
"421",0,0,0,0,0,0,42,0,0
"422",0,0,0,0,0,0,42.1,0,0
"423",0,0,0,0,0,0,42.2,0,0
"424",0,0,0,0,0,0,42.3,0,0
"425",0,0,0,0,0,0,42.4,0,0
"426",0,0,0,0,0,0,42.5,0,0
"427",0,0,0,0,0,0,42.6,0,0
"428",0,0,0,0,0,0,42.7,0,0
"429",0,0,0,0,0,0,42.8,0,0
"430",0,0,0,0,0,0,42.9,0,0
"431",0,0,0,0,0,0,43,0,0
"432",0,0,0,0,0,0,43.1,0,0
"433",0,0,0,0,0,0,43.2,0,0
"434",0,0,0,0,0,0,43.3,0,0
"435",0,0,0,0,0,0,43.4,0,0
"436",0,0,0,0,0,0,43.5,0,0
"437",0,0,0,0,0,0,43.6,0,0
"438",0,0,0,0,0,0,43.7,0,0
"439",0,0,0,0,0,0,43.8,0,0
"440",0,0,0,0,0,0,43.9,0,0
"441",0,0,0,0,0,0,44,0,0
"442",0,0,0,0,0,0,44.1,0,0
"443",0,0,0,0,0,0,44.2,0,0
"444",0,0,0,0,0,0,44.3,0,0
"445",0,0,0,0,0,0,44.4,0,0
"446",0,0,0,0,0,0,44.5,0,0
"447",0,0,0,0,0,0,44.6,0,0
"448",0,0,0,0,0,0,44.7,0,0
"449",0,0,0,0,0,0,44.8,0,0
"450",0,0,0,0,0,0,44.9,0,0
"451",0,0,0,0,0,0,45,0,0
